<?xml version="1.0"?>
<doc>
    <assembly>
        <name>obj/Release/Citrix.Dwm.Collectors</name>
    </assembly>
    <members>
        <member name="T:Citrix.DWM.Collectors.CollectorActionsBase">
            <summary>
            Abstract base class that implements ICollectorActions.
            </summary>
        </member>
        <member name="M:Citrix.DWM.Collectors.CollectorActionsBase.Start">
            <summary>
            Start any background threads used by the collection actions.
            </summary>
        </member>
        <member name="M:Citrix.DWM.Collectors.CollectorActionsBase.Stop">
            <summary>
            Stop any background threads used by the collection actions.
            </summary>
        </member>
        <member name="M:Citrix.DWM.Collectors.CollectorActionsBase.GetPoolName">
            <summary>
            Get the name of the hypervisor pool associated with the collector.
            </summary>
            <returns>
            The name of the hypervisor pool associated with the collector.
            </returns>
        </member>
        <member name="M:Citrix.DWM.Collectors.CollectorActionsBase.GetPoolUniqueIdentifier">
            <summary>
            Get the unique identifier of the hypervisor pool associated with
            the collector.
            </summary>
            <returns>
            The unique identifier of the hypervisor pool associated with the
            collector.
            </returns>
        </member>
        <member name="M:Citrix.DWM.Collectors.CollectorActionsBase.GetCerts">
            <summary>
            Retrieve the certificates for each host in the pool.
            </summary>
            <remarks>The certs are stored in files the applications data
            folder.  The file names are in the form HostName.cer.</remarks>
        </member>
        <member name="M:Citrix.DWM.Collectors.CollectorActionsBase.CanStartVM(System.String,System.String)">
            <summary>
            Determine if the specified VM can start of the specified host.
            </summary>
            <param name="vmUuid">Unique identifier of the VM to start.</param>
            <param name="hostUuid">Unique identifier of the physical host on
            which the VM would like to start</param>
            <returns>
            CantBootReason.None if the VM can be started on the host.  Some other
            CantBootReason indicating why the VM cannot start if the VM cannot be
            started on the host.
            </returns>
        </member>
        <member name="M:Citrix.DWM.Collectors.CollectorActionsBase.StartVM(System.String,System.String,System.Boolean)">
            <summary>
            Start the specified VM on the specified host.
            </summary>
            <param name="vmUuid">Unique identifier of the VM to start.</param>
            <param name="hostUuid">Unique identifier of the physical host on
            which the VM should be started</param>
            <param name="startPaused">Flag to indicate if the VM should be
            started in the paused (true) or running (false) state.</param>
            <returns>0 if the start succeeds; non-zero otherwise.</returns>
        </member>
        <member name="M:Citrix.DWM.Collectors.CollectorActionsBase.MigrateVM(System.String,System.String,System.Int32,System.Boolean)">
            <summary>
            Move the specified VM from its current host to the specified host.
            </summary>
            <param name="vmUuid">Unique identifier of the VM to migrate.</param>
            <param name="migrateToHostUuid">Unique identifier of the physical
            host to which the VM should be moved.</param>
            <param name="recommendationId">Unique identifier of the VM migrate
            recommendation</param>
            <param name="liveMigration">Flag to indicate if the migration is
            done in real time.</param>
            <returns>0 if the migration succeeds; none zero otherwise.</returns>
        </member>
        <member name="M:Citrix.DWM.Collectors.CollectorActionsBase.SendMessage(System.String,System.String)">
            <summary>
            Send a message to the pool master.
            </summary>
            <param name="category">The category or topic of the message.</param>
            <param name="message">Message to send.</param>
        </member>
        <member name="M:Citrix.DWM.Collectors.CollectorActionsBase.PowerHostOff(System.String)">
            <summary>
            Turn the specifies host off.
            </summary>
            <param name="hostUuid">The unique identifier of the host to
            turn off.</param>
            <returns>0 if the host was powered off; non-zero otherwise.</returns>
        </member>
        <member name="M:Citrix.DWM.Collectors.CollectorActionsBase.PowerHostOn(System.String)">
            <summary>
            Turn the specifies host on.
            </summary>
            <param name="hostUuid">The unique identifier of the host to
            turn on.</param>
            <returns>0 if the host was powered on; non-zero otherwise.</returns>
        </member>
        <member name="T:Citrix.DWM.Collectors.CollectorBase">
            <summary>
            Abstract base class for DWM data collectors.
            </summary>
        </member>
        <member name="F:Citrix.DWM.Collectors.CollectorBase.StopEvent">
            <summary>
            Index in the _waitHandles array where the event that stops data
            collection is stored.
            </summary>
        </member>
        <member name="F:Citrix.DWM.Collectors.CollectorBase._hostName">
            <summary>
            DNS name or TCP/IP address of the physical host from which data
            will be collected.
            </summary>
        </member>
        <member name="F:Citrix.DWM.Collectors.CollectorBase._hostPort">
            <summary>
            TCP/IP port on which the host is listening for requests.
            </summary>
        </member>
        <member name="F:Citrix.DWM.Collectors.CollectorBase._protocol">
            <summary>
            The protocol(http/https) that should be used when communicating
            with the hosts in the pool.
            </summary>
        </member>
        <member name="F:Citrix.DWM.Collectors.CollectorBase._username">
            <summary>
            User name to connect to the host.
            </summary>
        </member>
        <member name="F:Citrix.DWM.Collectors.CollectorBase._password">
            <summary>
            Password to connect to the host.
            </summary>
        </member>
        <member name="F:Citrix.DWM.Collectors.CollectorBase._poolId">
            <summary>
            The internal, Kirkwood database ID of the pool.
            </summary>
        </member>
        <member name="F:Citrix.DWM.Collectors.CollectorBase._isInitialized">
            <summary>
            Flag to indicate if the data collector has been properly
            initialized.
            </summary>
        </member>
        <member name="F:Citrix.DWM.Collectors.CollectorBase._collectionIsRunning">
            <summary>
            Flag to indicate if the data collection thread is running.
            </summary>
        </member>
        <member name="F:Citrix.DWM.Collectors.CollectorBase._collectorThread">
            <summary>
            Thread instance representing the thread that is collecting data.
            </summary>
        </member>
        <member name="F:Citrix.DWM.Collectors.CollectorBase._pollInterval">
            <summary>
            Interval at which the data collection thread will poll the
            hypervisor for performance data.
            </summary>
        </member>
        <member name="F:Citrix.DWM.Collectors.CollectorBase._noLicensePollInterval">
            <summary>
            Interval at which the data collection thread will discover the
            contents of a hypervisor pool when the pool does not have a valid
            license.  The data collector will effectively look for a valid
            license at this interval.
            </summary>
        </member>
        <member name="F:Citrix.DWM.Collectors.CollectorBase._waitHandles">
            <summary>
            Array of WaitHandle that control operation of the data collection
            thread.
            </summary>
        </member>
        <member name="P:Citrix.DWM.Collectors.CollectorBase.IsInitialized">
            <summary>
            Get or set a flag to indicate if the data collector has been
            properly initialized.
            </summary>
        </member>
        <member name="P:Citrix.DWM.Collectors.CollectorBase.IsAlive">
            <summary>
            Get a flag that indicates whether the data collection thread is
            alive.
            </summary>
        </member>
        <member name="P:Citrix.DWM.Collectors.CollectorBase.HostMetricsCounter">
            <summary>
            Get the performance counter that records host metrics captured
            per seconds.
            </summary>
        </member>
        <member name="P:Citrix.DWM.Collectors.CollectorBase.VmMetricsCounter">
            <summary>
            Get the performance counter that records VM metrics captured
            per seconds.
            </summary>
        </member>
        <member name="M:Citrix.DWM.Collectors.CollectorBase.Initialize(System.String,System.Int32,System.String,System.String,System.String,System.Int32)">
            <summary>
            Initialize this instance and create a new Xen session.
            </summary>
            <param name="hostname">DNS name or TCP/IP address of the physical
            host from which data will be collected.</param>
            <param name="port">TCP/IP port on which the host is listening for
            requests.  The default is port 80.</param>
            <param name="protocol">The protocol (http/https/etc) to used
            when interacting with the pool master.</param>
            <param name="username">User name to connect to the host.</param>
            <param name="password">Password to connect to the host.</param>
            <param name="poolId">The internal, database ID of the pool.  If
            the database ID is not known, 0 can be specified.</param>
        </member>
        <member name="M:Citrix.DWM.Collectors.CollectorBase.UnInitialize">
            <summary>
            Close a data collector action session.
            </summary>
        </member>
        <member name="M:Citrix.DWM.Collectors.CollectorBase.StartCollection">
            <summary>
            Start collecting performance metrics for the Xen pool associated
            with this instance.
            </summary>
        </member>
        <member name="M:Citrix.DWM.Collectors.CollectorBase.StopCollection">
            <summary>
            Stop collecting performance metrics for the Xen pool associated
            with this instance.
            </summary>
        </member>
        <member name="M:Citrix.DWM.Collectors.CollectorBase.ThreadProc">
            <summary>
            Thread that does the actual data collection based.  Must be
            implemented by derived classes.
            </summary>
        </member>
        <member name="M:Citrix.DWM.Collectors.CollectorBase.IncrementPerfCounter(System.Diagnostics.PerformanceCounter)">
            <summary>
            Increment the specified performance counter.
            </summary>
            <param name="counter">Performance counter to increment.</param>
        </member>
        <member name="T:Citrix.DWM.Collectors.XenCollector">
            <summary>
            Data collector for Xen hypervisors
            </summary>
        </member>
        <member name="M:Citrix.DWM.Collectors.XenCollector.#ctor">
            <summary>
            Initialize a new instance of the XenCollector.
            </summary>
        </member>
        <member name="M:Citrix.DWM.Collectors.XenCollector.#ctor(System.String,System.Int32,System.String,System.String,System.String)">
            <summary>
            Initialize a new instance of the XenCollector.
            </summary>
            <param name="hostname">DNS name or TCP/IP address of a host in
            a Xen pool from which data will be collected.</param>
            <param name="port">TCP/IP port on which the host is listening for
            requests.  The default is port 80.</param>
            <param name="protocol">The protocol (http/https/etc) to use
            retrieving metrics from each host in the pool.</param>
            <param name="username">User name to connect to the host.</param>
            <param name="password">Password to connect to the host.</param>
            <remarks>The constructor will throw an DwmException if a session
            cannot be established.</remarks>
        </member>
        <member name="F:Citrix.DWM.Collectors.XenCollector.XEN_5">
            <summary>
            Version number for Xen 5.
            </summary>
        </member>
        <member name="F:Citrix.DWM.Collectors.XenCollector.HOST_COMMUNICATION_RETRY_COUNT">
            <summary>
            Number of times to retry host communication after failure
            </summary>
        </member>
        <member name="F:Citrix.DWM.Collectors.XenCollector.XEN_COLLECTOR_NAME">
            <summary>
            Special user name to use when the collector save the pool.  The
            save stored proc will not update the touched_by column if it sees
            this user.
            </summary>
        </member>
        <member name="F:Citrix.DWM.Collectors.XenCollector._nfi">
            <summary>
            Number format info used to force double value to use a period (.)
            as the decimal separator.
            </summary>
        </member>
        <member name="F:Citrix.DWM.Collectors.XenCollector._isInitialRun">
            <summary>
            This will be set to false once the datacollector has started.
            This flag is used to check whether the datacollector just started,
            and if it's true, Discover() will be run regardless.
            </summary>
        </member>
        <member name="M:Citrix.DWM.Collectors.XenCollector.ClearCache">
            <summary>
            Clear all the local caches
            </summary>
        </member>
        <member name="M:Citrix.DWM.Collectors.XenCollector.ProcessVmEvent(System.String,System.String,System.String,CookComputing.XmlRpc.XmlRpcStruct)">
            <summary>
            Process a Xen event of the specified VM
            </summary>
            <param name="vmUuid">The unique ID of the VM that is the target of
            the Xen event.</param>
            <param name="operation">The event type - add, modify, etc.</param>
            <param name="serverOpaqueRef">The server handle of the VM to which
            the event applies.</param>
            <param name="snapshot">The snapshot data associated with the
            event.</param>
        </member>
        <member name="M:Citrix.DWM.Collectors.XenCollector.ProcessHostEvent(System.String,System.String,System.String,CookComputing.XmlRpc.XmlRpcStruct)">
            <summary>
            Process a Xen event on the specified host
            </summary>
            <param name="hostUuid">The unique ID of the host that is the target of
            the Xen event.</param>
            <param name="operation">The event type - add, modify, etc.</param>
            <param name="serverOpaqueRef">The server handle of the Host to which
            the event applies.</param>
            <param name="snapshot">The snapshot data associated with the
            event.</param>
        </member>
        <member name="M:Citrix.DWM.Collectors.XenCollector.ProcessHostModEvent(CookComputing.XmlRpc.XmlRpcStruct,System.String,System.String)">
            <summary>
            Process a modification event for the physical host with the
            specified uuid.
            </summary>
            <param name="snapshot">The snapshot data associated with the
            event.</param>
            <param name="hostUuid">Unique ID of the host for which the
            modification event has fired.</param>
            <param name="serverOpaqueRef">Xen handle of the host for which
            the modification event has fired.</param>
        </member>
        <member name="M:Citrix.DWM.Collectors.XenCollector.ProcessTaskEvent(System.String,System.String,System.String,CookComputing.XmlRpc.XmlRpcStruct)">
            <summary>
            Process a Xen event of the specified task
            </summary>
            <param name="taskUuid">The unique ID of the task that is the target of
            the Xen event.</param>
            <param name="operation">The event type - add, modify, etc.</param>
            <param name="serverOpaqueRef">The server handle of the task to which
            the event applies.</param>
            <param name="snapshot">The snapshot data associated with the
            event.</param>
        </member>
        <member name="M:Citrix.DWM.Collectors.XenCollector.ProcessPoolEvent(System.String,System.String,System.String,CookComputing.XmlRpc.XmlRpcStruct)">
            <summary>
            Process a Xen event for the specified pool.
            </summary>
            <param name="poolUuid">The unique ID of the pool that is the target
            of the Xen event.</param>
            <param name="operation">The event type - add, modify, etc.</param>
            <param name="serverOpaqueRef">The server handle of the Pool to which
            the event applies.</param>
            <param name="snapshot">The snapshot data associated with the
            event.</param>
        </member>
        <member name="M:Citrix.DWM.Collectors.XenCollector.OperationAllowed(System.Object[],System.String)">
            <summary>
            Determine if the operation to find is in the list of allowed
            operations for a host.
            </summary>
            <param name="operations">List of allowed operations for a host.</param>
            <param name="operationToFind">The operation to find.</param>
            <returns>True if the operation is allowed for the host; false
            otherwise.</returns>
        </member>
        <member name="M:Citrix.DWM.Collectors.XenCollector.OperationAllowed(System.String[],System.String)">
            <summary>
            Determine if the operation to find is in the list of allowed
            operations for a host.
            </summary>
            <param name="operations">List of allowed operations for a host.</param>
            <param name="operationToFind">The operation to find.</param>
            <returns>True if the operation is allowed for the host; false
            otherwise.</returns>
        </member>
        <member name="M:Citrix.DWM.Collectors.XenCollector.GetCachedVmByXenRef(System.String)">
            <summary>
            Retrieve the VMCacheItem instance from the VM cache for the VM
            with the specified server opaque ref.
            </summary>
            <param name="xenRef">Server opaque ref of the VM to retrieve.</param>
            <returns>VMCacheItem if successful; null otherwise.</returns>
        </member>
        <member name="M:Citrix.DWM.Collectors.XenCollector.GetCachedHostByXenRef(System.String)">
            <summary>
            Retrieve the HostCacheItem instance from the Host cache for the
            host with the specified server opaque ref.
            </summary>
            <param name="xenRef">Server opaque ref of the host to retrieve.</param>
            <returns>HostCacheItem if successful; null otherwise.</returns>
        </member>
        <member name="M:Citrix.DWM.Collectors.XenCollector.GetHosts">
            <summary>
            Get the list of all hosts associated with this session.
            </summary>
        </member>
        <member name="M:Citrix.DWM.Collectors.XenCollector.GetHostVersion(XenAPI.Host,System.Int32@,System.Int32@)">
            <summary>
            Get the version of the specified Xen physical host.
            </summary>
            <param name="xenHost">Xen host for which version information will
            be retrieved.</param>
            <param name="verMinor">On output, will contain the minor version of
            the host.</param>
            <param name="verBuild">On output, will contain the build number of
            the host</param>
            <returns>The major version of the host.</returns>
        </member>
        <member name="M:Citrix.DWM.Collectors.XenCollector.EndSession">
            <summary>
            End out current Xen session.
            </summary>
        </member>
        <member name="M:Citrix.DWM.Collectors.XenCollector.FindNewMaster">
            <summary>
            Try to find a new pool master.
            </summary>
        </member>
        <member name="M:Citrix.DWM.Collectors.XenCollector.OnInterval">
            <summary>
            Handle a poll interval for the data collection thread querying
            the hypervisor pool for performance metrics.
            </summary>
            <remarks>This method assumes a Xen 5.x environment.</remarks>
        </member>
        <member name="M:Citrix.DWM.Collectors.XenCollector.GetXen5Metrics(Citrix.DWM.Collectors.HostCacheItem,Citrix.DWM.Domain.DwmHostMetricCollection,Citrix.DWM.Domain.DwmVmMetricCollection)">
            <summary>
            Retrieve the host and VM metrics for a Xen 5.x physical host.
            </summary>
            <param name="item">HostCacheItem instance containing both the Xen
            host and Kirkwood host whose metrics will be retrieved.</param>
            <param name="dwmHostMetrics">Collection to which the host metrics
            will be added.</param>
            <param name="dwmVmMetrics">Collection to which the VM metrics will
            be added.</param>
        </member>
        <member name="M:Citrix.DWM.Collectors.XenCollector.ParseMetrics(System.IO.Stream,System.Double,Citrix.DWM.Domain.DwmHostMetricCollection@,Citrix.DWM.Domain.DwmVmMetricCollection@)">
            <summary>
            Parse the string of XML metrics into individual host and VM metrics
            all stored them in collections.
            </summary>
            <param name="xmlStats">Raw XML metrics to parse.</param>
            <param name="hostServerOffsetMinutes">Difference in minutes between
            the WLB Server system clock and the Host server's system clock</param>
            <param name="hostMetrics">On output will contain one DwmHostMetric
            instance for each host metric entry in the raw XML.</param>
            <param name="vmMetrics">On output will contain one DwmVmMetric
            instance for each VM metric entry in the raw XML</param>
            <returns>The UTC time stamp of the last set of metrics that was
            parsed.</returns>
        </member>
        <member name="M:Citrix.DWM.Collectors.XenCollector.EnqueueData(Citrix.DWM.Domain.DwmHostMetricCollection,Citrix.DWM.Domain.DwmVmMetricCollection)">
            <summary>
            Place metrics data on the queue that is share by the data collectors
            and data writers.
            </summary>
            <param name="dwmHostMetrics">Host metrics to add to the queue.</param>
            <param name="dwmVmMetrics">VM metrics to add to the queue.</param>
        </member>
        <member name="M:Citrix.DWM.Collectors.XenCollector.Discover">
            <summary>
            Determine the pools, hosts and virtual machines know to the active
            session.  Update the database with this information.
            </summary>
        </member>
        <member name="M:Citrix.DWM.Collectors.XenCollector.ConvertToTimestamp(System.DateTime)">
            <summary>
            Converting a System.DateTime value to a UNIX time stamp
            </summary>
            <param name="value">UTC date and time to convert</param>
            <returns>Date as a UNIX time stamp.</returns>
        </member>
        <member name="M:Citrix.DWM.Collectors.XenCollector.ConvertToDateTime(System.Double)">
            <summary>
            Converting a UNIX time stamp value to a System.DateTime.
            </summary>
            <param name="value">UNIX time stamp convert</param>
            <returns>UNIX time stamp as a date time.</returns>
        </member>
        <member name="M:Citrix.DWM.Collectors.XenCollector.GetHostData(XenAPI.Session,System.String,System.DateTime,System.Double)">
            <summary>
            Retrieve metrics for all the specified host since the specified
            time.
            </summary>
            <param name="session">Session instance representing hypervisor for
            which metrics will be retrieved.</param>
            <param name="ipAddress">TCP/IP address of the host.</param>
            <param name="getDataSince">UTC time stamp for how far back in time
            metrics should be retrieved.</param>
            <param name="hostServerOffsetMinutes">Number of minutes between WLB
            server's UTC and Hosts server time</param>
            <returns>
            Stream of XML containing the requested host metrics
            </returns>
        </member>
        <member name="M:Citrix.DWM.Collectors.XenCollector.GetVmData(XenAPI.Session,System.String,System.DateTime)">
            <summary>
            Retrieve metrics for all the VMs on the specified host since the
            specified time.
            </summary>
            <param name="session">Session instance representing hypervisor for
            which metrics will be retrieved.</param>
            <param name="ipAddress">TCP/IP address of the host on which the VMs
            are running.</param>
            <param name="getDataSince">UTC time stamp for how far back in time
            metrics should be retrieved.</param>
            <returns>
            Stream of XML containing the requested VM metrics
            </returns>
        </member>
        <member name="M:Citrix.DWM.Collectors.XenCollector.GetPoolData(System.String)">
            <summary>
            Retrieve pool metrics data by posting a request to the
            specified URI.
            </summary>
            <param name="uri">URI and query string to retrieve metrics.</param>
            <returns>
            String of XML containing the requested pool metrics
            </returns>
        </member>
        <member name="M:Citrix.DWM.Collectors.XenCollector.LogGetPoolDataError(System.String,System.Net.WebException)">
            <summary>
            Log an error connecting to a host.  We log errors every 2 minutes
            so we don't flood the log.
            </summary>
            <param name="uri">URI of host that had a connection error.</param>
            <param name="e">Exception from the connection failure.</param>
        </member>
        <member name="M:Citrix.DWM.Collectors.XenCollector.Discover(XenAPI.Session)">
            <summary>
            Determine the pools, hosts and virtual machines know to the active
            session.  Update the database with this information.
            </summary>
            <param name="session">Session instance representing hypervisor
            for which discovery will be run.</param>
            <returns>
            DwmPool instance describing what was found on the host.
            </returns>
        </member>
        <member name="M:Citrix.DWM.Collectors.XenCollector.DiscoverSr(XenAPI.Session,System.String,XenAPI.SR,System.Boolean)">
            <summary>
            Discover details about the specified Storage Repository.
            </summary>
            <param name="session">Session instance representing hypervisor
            for which discovery will be run.</param>
            <param name="serverOpaqueRef">The XenServer handle to the storage
            repository.</param>
            <param name="sr">Storage Repository for which details are to be
            discovered.</param>
            <param name="saveSr">If true, the DwmStorageRepository instance
            will be saved before the method returns.</param>
            <returns>
            DwmStorageRepository instance describing the virtual block device.
            </returns>
        </member>
        <member name="M:Citrix.DWM.Collectors.XenCollector.DiscoverPbd(XenAPI.Session,System.String,XenAPI.PBD,System.Boolean)">
            <summary>
            Discover details about the specified Physical Block Device
            </summary>
            <param name="session">Session instance representing hypervisor
            for which discovery will be run.</param>
            <param name="serverOpaqueRef">The XenServer handle of the PBD.</param>
            <param name="pbd">Physical Block Device for which details are to be
            discovered.</param>
            <param name="savePbd">If true, the DwmPbd instance will be saved
            before the method returns.</param>
            <returns>
            DwmPbd instance describing the Physical Block Device.
            </returns>
        </member>
        <member name="M:Citrix.DWM.Collectors.XenCollector.DiscoverNetwork(XenAPI.Session,System.String,XenAPI.Network,System.Boolean)">
            <summary>
            Discover details about the specified network.
            </summary>
            <param name="session">Session instance representing hypervisor pool
            for which discovery will be run.</param>
            <param name="serverOpaqueRef">The XenServer handle of the Network.</param>
            <param name="network">Network for which details are to be
            discovered.</param>
            <param name="saveNetwork">If true, the DwmNetwork instance will be
            saved before the method returns.</param>
            <returns>
            DwmNetwork instance describing the network.
            </returns>
        </member>
        <member name="M:Citrix.DWM.Collectors.XenCollector.DiscoverPif(XenAPI.Session,System.String,XenAPI.PIF,System.Boolean)">
            <summary>
            Discover details about the specified Physical Interface
            </summary>
            <param name="session">Session instance representing hypervisor
            for which discovery will be run.</param>
            /// <param name="serverOpaqueRef">The XenServer handle of the PIF.</param><param name="pif">Physical Interface for which details are to be
            discovered.</param><param name="savePif">If true, the DwmPif instance will be saved
            before the method returns.</param><returns>
            DwmPIF instance describing the Physical Interface.
            </returns></member>
        <member name="M:Citrix.DWM.Collectors.XenCollector.DiscoverVif(XenAPI.Session,System.String,XenAPI.VIF,System.Boolean)">
            <summary>
            Discover details about the specified Virtual Network Interface.
            </summary>
            <param name="session">Session instance representing hypervisor pool
            for which discovery will be run.</param>
            /// <param name="serverOpaqueRef">The XenServer handle of the VIF.</param><param name="vif">Virtual Interface for which details are to be
            discovered.</param><param name="saveVif">If true, the DwmVif instance will be saved
            before the method returns.</param><returns>
            DwmVif instance describing the Virtual Interface.
            </returns></member>
        <member name="M:Citrix.DWM.Collectors.XenCollector.DiscoverVdi(XenAPI.Session,System.String,XenAPI.VDI)">
            <summary>
            Discover details about the specified Virtual Device Interface.
            </summary>
            <param name="session">Session instance representing hypervisor pool
            for which discovery will be run.</param>
            <param name="serverOpaqueRef">The XenServer handle of the VDI.</param>
            <param name="vdi">Virtual Device Interface for which details are to be
            discovered.</param>
        </member>
        <member name="M:Citrix.DWM.Collectors.XenCollector.DiscoverVbd(XenAPI.Session,System.String,XenAPI.VBD,System.Boolean)">
            <summary>
            Discover details about the specified Virtual Block Device.
            </summary>
            <param name="session">Session instance representing hypervisor
            for which discovery will be run.</param>
            <param name="serverOpaqueRef">The XenServer handle of the VBD.</param>
            <param name="vbd">Virtual Block Device for which details are to be
            discovered.</param>
            <param name="saveVbd">If true, the DwmVirtualMachine instance
            will be saved before the method returns.</param>
            <returns>
            DwmVbd instance describing the virtual block device.
            </returns>
        </member>
        <member name="M:Citrix.DWM.Collectors.XenCollector.DiscoverVm(XenAPI.Session,System.String,XenAPI.VM,System.Boolean)">
            <summary>
            Discover details about the specified Virtual Machine.
            </summary>
            <param name="session">Session instance representing hypervisor
            for which discovery will be run.</param>
            <param name="serverOpaqueRef">The Xen reference for the VM.</param>
            <param name="vm">Virtual Machine for which details are to be
            discovered.</param>
            <param name="saveVm">If true, the DwmVirtualMachine instance
            will be saved before the method returns.</param>
            <returns>
            DwmVirtualMachine instance describing the virtual machine.
            </returns>
        </member>
        <member name="M:Citrix.DWM.Collectors.XenCollector.GetMemoryOverhead(XenAPI.VM)">
            <summary>
            Capture or compute the hypervisor memory overhead for the
            specified VM.
            </summary>
            <param name="vm">VM for which memory overhead will be computed.
            </param>
            <returns>Memory overhead, in bytes for the specified VM.</returns>
        </member>
        <member name="M:Citrix.DWM.Collectors.XenCollector.DiscoverVm(XenAPI.Session,System.String,System.Boolean)">
            <summary>
            Discover details about the specified Virtual Machine.
            </summary>
            <param name="session">Session instance representing hypervisor
            for which discovery will be run.</param>
            <param name="vmUuid">Unique identifier of the Virtual Machine for
            which details are to be discovered.</param>
            <param name="saveVm">If true, the DwmVirtualMachine instance
            will be saved before the method returns.</param>
            <returns>
            DwmVirtualMachine instance describing the virtual machine.
            </returns>
        </member>
        <member name="M:Citrix.DWM.Collectors.XenCollector.DiscoverHost(XenAPI.Session,System.String,XenAPI.Host,System.Boolean,System.Boolean)">
            <summary>
            Discover details about the specified Physical Host.
            </summary>
            <param name="session">Session instance representing hypervisor
            for which discovery will be run.</param>
            <param name="serverOpaqueRef">The Xen handle to the host to
            discover.</param>
            <param name="host">Phyiscal Host for which details are to be
            discovered.</param>
            <param name="saveHostToCache">If true, the saveHostToCache instance will be
            saved before the method returns.</param>
            <param name="saveHostToDb">If true, the saveHostToDb instance will be
            saved before the method returns.</param>
            <returns>
            DwnHost instance describing the physical host.
            </returns>
        </member>
        <member name="M:Citrix.DWM.Collectors.XenCollector.DiscoverHost(XenAPI.Session,System.String,System.Boolean,System.Boolean)">
            <summary>
            Discover details about the specified physical host
            </summary>
            <param name="session">Session instance representing hypervisor
            for which discovery will be run.</param>
            <param name="hostUuid">Unique identifier of the physical host for
            which details are to be discovered.</param>
            <param name="saveHostToCache">If true, the saveHostToCache instance will be saved
            before the method returns.</param>
            <param name="saveHostToDb">If true, the saveHostToDb instance will be saved
            before the method returns.</param>
            <returns>
            DwmHost instance describing the physical host.
            </returns>
        </member>
        <member name="M:Citrix.DWM.Collectors.XenCollector.HostCacheContainsKey(System.String)">
            <summary>
            Determine in the host cache contains the specified key in a
            thread safe manner.
            </summary>
            <param name="key">Key to check for</param>
            <returns>True if the host cache contains the specified key; false
            otherwise.</returns>
        </member>
        <member name="M:Citrix.DWM.Collectors.XenCollector.HostCacheTryGetValue(System.String,Citrix.DWM.Collectors.HostCacheItem@)">
            <summary>
            Try to get the value of the specified key from the host cache in a
            thread safe manner.
            </summary>
            <param name="key">Key whose value is to be retrieved.</param>
            <param name="value">On output, will contain the value of the
            specified key if the key is in the cache.</param>
            <returns>True if the cache contains the specified key; false
            otherwise.</returns>
        </member>
        <member name="M:Citrix.DWM.Collectors.XenCollector.VmCacheContainsKey(System.String)">
            <summary>
            Determine in the VM cache contains the specified key in a
            thread safe manner.
            </summary>
            <param name="key">Key to check for</param>
            <returns>True if the VM cache contains the specified key; false
            otherwise.</returns>
        </member>
        <member name="M:Citrix.DWM.Collectors.XenCollector.VmCacheGetValue(System.String)">
            <summary>
            Get the VmCacheItem with the specified key from the VM cache in a
            thread safe manner.
            </summary>
            <param name="key">Key of item to retrieve.</param>
            <returns>VmCacheItem with the specified key if it is in the
            collection; null otherwise.</returns>
        </member>
        <member name="M:Citrix.DWM.Collectors.XenCollector.GetVmFromCache(System.String)">
            <summary>
            Attempt to retrieve the virtual machine with the specified
            ServerOpaqueRef from the cache in a thread safe manner.
            </summary>
            <param name="serverOpaqueRef">ServerOpaqueRef of the VM to
            retrieve.</param>
            <returns>VM with the specified ServerOpaqueRef.</returns>
            <remarks>If the cache does not contain the specified VM an attempt
            is made to discover the VM and add it to the cache.</remarks>
        </member>
        <member name="M:Citrix.DWM.Collectors.XenCollector.GetSrFromCache(System.String)">
            <summary>
            Attempt to retrieve the storage repository with the specified
            ServerOpaqueRef from the cache in a thread safe manner.
            </summary>
            <param name="serverOpaqueRef">ServerOpaqueRef of the SR to
            retrieve.</param>
            <returns>SR with the specified ServerOpaqueRef.</returns>
            <remarks>If the cache does not contain the specified SR an attempt
            is made to discover the SR and add it to the cache.</remarks>
        </member>
        <member name="M:Citrix.DWM.Collectors.XenCollector.GetPbdFromCache(System.String)">
            <summary>
            Attempt to retrieve the physical block device with the specified
            ServerOpaqueRef from the cache in a thread safe manner.
            </summary>
            <param name="serverOpaqueRef">ServerOpaqueRef of the PBD to
            retrieve.</param>
            <returns>PBD with the specified ServerOpaqueRef.</returns>
            <remarks>If the cache does not contain the specified PBD an attempt
            is made to discover the PBD and add it to the cache.</remarks>
        </member>
        <member name="M:Citrix.DWM.Collectors.XenCollector.GetVdiFromCache(System.String)">
            <summary>
            Attempt to retrieve the virtual device interface with the specified
            ServerOpaqueRef from the cache in a thread safe manner.
            </summary>
            <param name="serverOpaqueRef">ServerOpaqueRef of the VDI to
            retrieve.</param>
            <returns>VDI with the specified ServerOpaqueRef.</returns>
            <remarks>If the cache does not contain the specified VDI an attempt
            is made to discover the VDI and add it to the cache.</remarks>
        </member>
        <member name="M:Citrix.DWM.Collectors.XenCollector.GetVbdFromCache(System.String)">
            <summary>
            Attempt to retrieve the virtual block device with the specified
            ServerOpaqueRef from the cache in a thread safe manner.
            </summary>
            <param name="serverOpaqueRef">ServerOpaqueRef of the VBD to
            retrieve.</param>
            <returns>VBD with the specified ServerOpaqueRef.</returns>
            <remarks>If the cache does not contain the specified VBD an attempt
            is made to discover the VBD and add it to the cache.</remarks>
        </member>
        <member name="M:Citrix.DWM.Collectors.XenCollector.GetNetworkFromCache(System.String)">
            <summary>
            Attempt to retrieve the Network with the specified
            ServerOpaqueRef from the cache in a thread safe manner.
            </summary>
            <param name="serverOpaqueRef">ServerOpaqueRef of the Network to
            retrieve.</param>
            <returns>Network with the specified ServerOpaqueRef.</returns>
            <remarks>If the cache does not contain the specified Network an
            attempt is made to discover the Network and add it to the cache.
            </remarks>
        </member>
        <member name="M:Citrix.DWM.Collectors.XenCollector.GetPifFromCache(System.String)">
            <summary>
            Attempt to retrieve the Physical Interface with the specified
            ServerOpaqueRef from the cache in a thread safe manner.
            </summary>
            <param name="serverOpaqueRef">ServerOpaqueRef of the PIF to
            retrieve.</param>
            <returns>PIF with the specified ServerOpaqueRef.</returns>
            <remarks>If the cache does not contain the specified PIF an attempt
            is made to discover the PIF and add it to the cache.</remarks>
        </member>
        <member name="M:Citrix.DWM.Collectors.XenCollector.GetVifFromCache(System.String)">
            <summary>
            Attempt to retrieve the Virtual Network Interface with the specified
            ServerOpaqueRef from the cache in a thread safe manner.
            </summary>
            <param name="serverOpaqueRef">ServerOpaqueRef of the VIF to
            retrieve.</param>
            <returns>VIF with the specified ServerOpaqueRef.</returns>
            <remarks>If the cache does not contain the specified VIF an attempt
            is made to discover the VIF and add it to the cache.</remarks>
        </member>
        <member name="M:Citrix.DWM.Collectors.XenCollector.IsVbdNetworked(Citrix.DWM.Collectors.VmCacheItem,System.String)">
            <summary>
            Determine the VDB with the specified device name is routed
            through the network.
            </summary>
            <param name="item">VmCacheItem instance containing the VM owning
            the VBD with the specified device name.</param>
            <param name="deviceName">Device name of the VBD to check.</param>
            <returns>True if the device is routed through the network; false
            otherwise.</returns>
            <remarks>If a VBD is routed through the network, IO on the VBD
            will place network load on the host.</remarks>
        </member>
        <member name="M:Citrix.DWM.Collectors.XenCollector.GetWlbEnabled(XenAPI.Session,XenAPI.Pool)">
            <summary>
            Determine if WLB is enabled for the specified pool.
            </summary>
            <param name="session">Session instance for the pool whose
            enabled state is being determined.</param>
            <param name="xenPool">XenServer pool whose WLB enabled state is to
            be determined.</param>
            <returns>True if WLB is enabled; false otherwise.</returns>
            <remarks>If the pool is Xen 5.1, we use Pool.wlb_enabled.
            If the pool is Xen 5.0, we'll assume WLB is enabled since
            Pool.wlb_enabled does not exist in 5.0.</remarks>
        </member>
        <member name="M:Citrix.DWM.Collectors.XenCollector.CheckHostLicense(XenAPI.Host)">
            <summary>
            Determine if the license for the specified host is enterprise or
            higher.
            </summary>
            <param name="host">Host whose license is to be checked.</param>
            <returns>True if the license for the host is enterprise or
            higher; false otherwise.</returns>
        </member>
        <member name="T:Citrix.DWM.Collectors.XenCollectorActions">
            <summary>
            Data collector actions for Xen hypervisors
            </summary>
        </member>
        <member name="M:Citrix.DWM.Collectors.XenCollectorActions.#ctor">
            <summary>
            Initialize a new instance of the XenCollectorActions.
            </summary>
        </member>
        <member name="M:Citrix.DWM.Collectors.XenCollectorActions.#ctor(System.String,System.Int32,System.String,System.String)">
            <summary>
            Initialize a new instance of the XenCollector.
            </summary>
            <param name="hostname">DNS name or TCP/IP address of a host in
            a Xen pool from which data will be collected.</param>
            <param name="port">TCP/IP port on which the host is listening for
            requests.  The default is port 80.</param>
            <param name="username">User name to connect to the host.</param>
            <param name="password">Password to connect to the host.</param>
            <remarks>The constructor will throw an DwmException if a session
            cannot be established.</remarks>
        </member>
        <member name="M:Citrix.DWM.Collectors.XenCollectorActions.Start">
            <summary>
            Load the cache of VMs and Hosts and start a heartbeat thread.
            </summary>
        </member>
        <member name="M:Citrix.DWM.Collectors.XenCollectorActions.Stop">
            <summary>
            Unload the cache of VMs and Hosts and stop the heartbeat thread.
            </summary>
        </member>
        <member name="M:Citrix.DWM.Collectors.XenCollectorActions.ProcessVmEvent(System.String,System.String,System.String,CookComputing.XmlRpc.XmlRpcStruct)">
            <summary>
            Process a Xen event of the specified VM
            </summary>
            <param name="vmUuid">The unique ID of the VM that is the target of
            the Xen event.</param>
            <param name="operation">The event type - add, modify, etc.</param>
            <param name="serverOpaqueRef">The server handle of the VM to which
            the event applies.</param>
            <param name="snapshot">The snapshot data associated with the
            event.</param>
        </member>
        <member name="M:Citrix.DWM.Collectors.XenCollectorActions.ProcessHostEvent(System.String,System.String,System.String,CookComputing.XmlRpc.XmlRpcStruct)">
            <summary>
            Process a Xen event on the specified host
            </summary>
            <param name="hostUuid">The unique ID of the host that is the target of
            the Xen event.</param>
            <param name="operation">The event type - add, modify, etc.</param>
            <param name="serverOpaqueRef">The server handle of the VM to which
            the event applies.</param>
            <param name="snapshot">The snapshot data associated with the
            event.</param>
        </member>
        <member name="M:Citrix.DWM.Collectors.XenCollectorActions.EndSession">
            <summary>
            End out current Xen session.
            </summary>
        </member>
        <member name="M:Citrix.DWM.Collectors.XenCollectorActions.GetPoolName">
            <summary>
            Get the name of the hypervisor pool associated with the collector.
            </summary>
            <returns>
            The name of the hypervisor pool associated with the collector.
            </returns>
        </member>
        <member name="M:Citrix.DWM.Collectors.XenCollectorActions.GetPoolUniqueIdentifier">
            <summary>
            Get the unique identifier of the hypervisor pool associated with
            the collector.
            </summary>
            <returns>
            The unique identifier of the hypervisor pool associated with the
            collector.
            </returns>
        </member>
        <member name="M:Citrix.DWM.Collectors.XenCollectorActions.GetCerts">
            <summary>
            Retrieve the certificates for each host in the pool.
            </summary>
            <remarks>The certs are stored in files the applications data
            folder.  The file names are in the form HostName.cer.</remarks>
        </member>
        <member name="M:Citrix.DWM.Collectors.XenCollectorActions.OnInterval">
            <summary>
            Handle a poll interval for the data collection thread querying
            the hypervisor pool for performance metrics.
            </summary>
            <remarks>This method assumes a Xen 5.x environment.</remarks>
        </member>
        <member name="M:Citrix.DWM.Collectors.XenCollectorActions.GetHosts">
            <summary>
            Retrieve all the hosts that are in the pool and put the in
            _hostCache.
            </summary>
        </member>
        <member name="M:Citrix.DWM.Collectors.XenCollectorActions.GetVMs">
            <summary>
            Retrieve all the virtual machines that are in the pool and put
            them in _vmCache.
            </summary>
        </member>
        <member name="M:Citrix.DWM.Collectors.XenCollectorActions.CanStartVM(System.String,System.String)">
            <summary>
            Determine if the specified VM can start of the specified host.
            </summary>
            <param name="vmUuid">Unique identifier of the VM to start.</param>
            <param name="hostUuid">Unique identifier of the physical host on
            which the VM would like to start</param>
            CantBootReason.None if the VM can be started on the host.  Some other
            CantBootReason indicating why the VM cannot start if the VM cannot be
            started on the host.</member>
        <member name="M:Citrix.DWM.Collectors.XenCollectorActions.StartVM(System.String,System.String,System.Boolean)">
            <summary>
            Start the specified VM on the specified host.
            </summary>
            <param name="vmUuid">Unique identifier of the VM to start.</param>
            <param name="hostUuid">Unique identifier of the physical host on
            which the VM should be started</param>
            <param name="startPaused">Flag to indicate if the VM should be
            started in the paused (true) or running (false) state.</param>
            <returns>0 if the start succeeds; non-zero otherwise.</returns>
        </member>
        <member name="M:Citrix.DWM.Collectors.XenCollectorActions.MigrateVM(System.String,System.String,System.Int32,System.Boolean)">
            <summary>
            Move the specified VM from its current host to the specified host.
            </summary>
            <param name="vmUuid">Unique identifier of the VM to migrate.</param>
            <param name="migrateToHostUuid">Unique identifier of the physical
            host to which the VM should be moved.</param>
            <param name="recommendationId">Unique identifier of the VM
            move recommendation.</param>
            <param name="liveMigration">Flag to indicate if the migration is
            done in real time.</param>
            <returns>0 if the migration succeeds; none zero otherwise.</returns>
        </member>
        <member name="M:Citrix.DWM.Collectors.XenCollectorActions.SendMessage(System.String,System.String)">
            <summary>
            Send a message to the pool master.
            </summary>
            <param name="category">The category or topic of the message.</param>
            <param name="message">Message to send.</param>
        </member>
        <member name="M:Citrix.DWM.Collectors.XenCollectorActions.PowerHostOff(System.String)">
            <summary>
            Turn the specifies host off.
            </summary>
            <param name="hostUuid">The unique identifier of the host to
            turn off.</param>
            <returns>0 if the host was powered off; non-zero otherwise.</returns>
        </member>
        <member name="M:Citrix.DWM.Collectors.XenCollectorActions.PowerHostOn(System.String)">
            <summary>
            Turn the specifies host on.
            </summary>
            <param name="hostUuid">The unique identifier of the host to
            turn on.</param>
            <returns>0 if the host was powered on; non-zero otherwise.</returns>
        </member>
        <member name="M:Citrix.DWM.Collectors.XenCollectorActions.GetHostRefForUuid(System.String)">
            <summary>
            Retrieve the Xen handle (XenRef.opaque_ref) for the specified
            physical host.
            </summary>
            <param name="uuid">Unique ID of the physical host for which the
            Xen handle is desired.</param>
            <returns>The Xen handle of the specified host if successful; null
            otherwise.</returns>
        </member>
        <member name="M:Citrix.DWM.Collectors.XenCollectorActions.GetVmRefForUuid(System.String)">
            <summary>
            Retrieve the Xen handle (XenRef.opaque_ref) for the specified
            virtual machine.
            </summary>
            <param name="uuid">Unique ID of the VM for which the Xen handle is
            desired.</param>
            <returns>The Xen handle of the specified VM if successful; null
            otherwise.</returns>
        </member>
        <member name="T:Citrix.DWM.Collectors.XenCollectorBase">
            <summary>
            Data collector for Xen hypervisors
            </summary>
        </member>
        <member name="M:Citrix.DWM.Collectors.XenCollectorBase.#ctor">
            <summary>
            Initialize a new instance of the XenCollectorBase.
            </summary>
        </member>
        <member name="M:Citrix.DWM.Collectors.XenCollectorBase.#ctor(System.String,System.Int32,System.String,System.String,System.String)">
            <summary>
            Initialize a new instance of the XenCollectorBase.
            </summary>
            <param name="hostname">DNS name or TCP/IP address of a host in
            a Xen pool from which data will be collected.</param>
            <param name="port">TCP/IP port on which the host is listening for
            requests.  The default is port 80.</param>
            <param name="protocol">The protocol (http/https/etc) to used
            when interacting with the pool master.</param>
            <param name="username">User name to connect to the host.</param>
            <param name="password">Password to connect to the host.</param>
            <remarks>The constructor will throw an DwmException if a session
            cannot be established.</remarks>
        </member>
        <member name="T:Citrix.DWM.Collectors.XenCollectorBase.SessionInitStatus">
            <summary>
            The status code from attempting to create and initialize a new
            XenServer session.
            </summary>
        </member>
        <member name="F:Citrix.DWM.Collectors.XenCollectorBase.SessionInitStatus.None">
            <summary>
            No status.  Initialization has not been attempted.
            </summary>
        </member>
        <member name="F:Citrix.DWM.Collectors.XenCollectorBase.SessionInitStatus.Success">
            <summary>
            Successfully created and initialized a new XenServer session.
            </summary>
        </member>
        <member name="F:Citrix.DWM.Collectors.XenCollectorBase.SessionInitStatus.HostIsSlave">
            <summary>
            XenServer initialization failed with Xen error "HOST_IS_SLAVE".
            </summary>
        </member>
        <member name="F:Citrix.DWM.Collectors.XenCollectorBase.SessionInitStatus.HostStillBooting">
            <summary>
            XenServer initialization failed with Xen error "HOST_STILL_BOOTING".
            </summary>
        </member>
        <member name="F:Citrix.DWM.Collectors.XenCollectorBase.SessionInitStatus.HostOffline">
            <summary>
            XenServer initialization failed with Xen error "HOST_OFFLINE".
            </summary>
        </member>
        <member name="F:Citrix.DWM.Collectors.XenCollectorBase.SessionInitStatus.AuthenticationFailure">
            <summary>
            XenServer initialization failed due to invalid credentials.
            </summary>
        </member>
        <member name="F:Citrix.DWM.Collectors.XenCollectorBase.SessionInitStatus.WebException">
            <summary>
            XenServer initialization failed with a web exception.
            </summary>
        </member>
        <member name="F:Citrix.DWM.Collectors.XenCollectorBase.SessionInitStatus.SocketException">
            <summary>
            XenServer initialization failed with a socket exception.
            </summary>
        </member>
        <member name="F:Citrix.DWM.Collectors.XenCollectorBase.SessionInitStatus.Failure">
            <summary>
            XenServer initialization failed with a generic error.
            </summary>
        </member>
        <member name="F:Citrix.DWM.Collectors.XenCollectorBase._session">
            <summary>
            Handle to the pool master of the Xen pool that is being monitored.
            </summary>
        </member>
        <member name="F:Citrix.DWM.Collectors.XenCollectorBase._threadSession">
            <summary>
            Handle for the event thread to the master of the Xen pool that is
            being monitored.
            </summary>
        </member>
        <member name="F:Citrix.DWM.Collectors.XenCollectorBase._sessionTimeout">
            <summary>
            The time, in milliseconds, to wait for a Xen session to respond
            before reporting a timeout error.  This value is configured in
            the wlb.conf file.
            </summary>
        </member>
        <member name="F:Citrix.DWM.Collectors.XenCollectorBase._sessionTimeoutMax">
            <summary>
            The maximum time, in seconds, to which SessionTimeout can be set.
            This value is configured in the wlb_config file.
            </summary>
        </member>
        <member name="F:Citrix.DWM.Collectors.XenCollectorBase._sessionTimeoutRetryInterval">
            <summary>
            The time, in milliseconds, to wait before trying to reconnect to
            a Xen session to has failed with a timeout error.  This value is
            configured in the wlb.conf file.
            </summary>
        </member>
        <member name="F:Citrix.DWM.Collectors.XenCollectorBase._sessionTimeoutCount">
            <summary>
            The number of consecutive XAPI calls that have timed out.
            </summary>
        </member>
        <member name="F:Citrix.DWM.Collectors.XenCollectorBase._externalStop">
            <summary>
            Flag to indicate if the data collector was stopped while it was
            sleeping before retrying a Xen session following a timeout.
            </summary>
        </member>
        <member name="F:Citrix.DWM.Collectors.XenCollectorBase._pool">
            <summary>
            DwmPool instance describing the hypervisor pool with which we
            are interacting.
            </summary>
        </member>
        <member name="F:Citrix.DWM.Collectors.XenCollectorBase._retryLostConnection">
            <summary>
            If we lose the connection to the pool master we'll retry the
            connection one time.  After that we have to assume the pool
            master as gone down.
            </summary>
        </member>
        <member name="F:Citrix.DWM.Collectors.XenCollectorBase._masterServerOpaqueRef">
            <summary>
            ServerOpaqueRef of the pool master.  Used to heartbeat the
            master to ensure it's alive and we have a valid connection.
            </summary>
        </member>
        <member name="F:Citrix.DWM.Collectors.XenCollectorBase._eventThread">
            <summary>
            Handle to the thread that is listening for Xen events that
            are generated by the pool master.
            </summary>
        </member>
        <member name="F:Citrix.DWM.Collectors.XenCollectorBase._eventThreadWaitHandles">
            <summary>
            Hold the event that the main thread will use to signal the event
            thread to stop.
            </summary>
        </member>
        <member name="F:Citrix.DWM.Collectors.XenCollectorBase._xenEventClasses">
            <summary>
            Will contain the list of Xen classes for which we would like to
            receive events.
            </summary>
        </member>
        <member name="F:Citrix.DWM.Collectors.XenCollectorBase._traceEnabled">
            <summary>
            Flag to indicate if general tracing is enabled.
            </summary>
        </member>
        <member name="F:Citrix.DWM.Collectors.XenCollectorBase._traceEventsEnabled">
            <summary>
            Flag to indicate if tracing of metrics data is enabled.
            </summary>
        </member>
        <member name="M:Citrix.DWM.Collectors.XenCollectorBase.Initialize(System.String,System.Int32,System.String,System.String,System.String,System.Int32)">
            <summary>
            Initialize this instance and create a new Xen session.
            </summary>
            <param name="hostname">DNS name or TCP/IP address of a host in
            a Xen pool from which data will be collected.</param>
            <param name="port">TCP/IP port on which the host is listening for
            requests.  The default is port 80.</param>
            <param name="protocol">The protocol (http/https/etc) to used
            when interacting with the pool master.</param>
            <param name="username">User name to connect to the host.</param>
            <param name="password">Password to connect to the host.</param>
            <param name="poolId">The internal, database ID of the pool.  If
            the database ID is not known, 0 can be specified.</param>
            <remarks>The constructor will throw an DwmException if a session
            cannot be established.</remarks>
        </member>
        <member name="M:Citrix.DWM.Collectors.XenCollectorBase.InitializeSession">
            <summary>
            Establish a session with a Xen host.
            </summary>
        </member>
        <member name="M:Citrix.DWM.Collectors.XenCollectorBase.InitializeSession(System.String,System.Boolean,System.Boolean)">
            <summary>
            Attempt to establish a session with the specified Xen host.
            </summary>
            <param name="hostName">Name or IP address of the host that is
            believed to be the pool master.</param>
            <param name="registerForEvents">Flag to indicate if the method
            should register for Xen events</param>
            <param name="rethrowExceptions">Flat to indicate if the method
            should rethrow exceptions.</param>
            <returns>True if a session was successful established; false
            otherwise.</returns>
        </member>
        <member name="M:Citrix.DWM.Collectors.XenCollectorBase.UnInitialize">
            <summary>
            Close a data collector session.
            </summary>
            <remarks>If StartCollection and StopCollection are called, this
            method does not need to be called.</remarks>
        </member>
        <member name="M:Citrix.DWM.Collectors.XenCollectorBase.StartCollection">
            <summary>
            Start collecting performance metrics for the Xen pool associated
            with this instance.
            </summary>
        </member>
        <member name="M:Citrix.DWM.Collectors.XenCollectorBase.StopCollection">
            <summary>
            Stop collecting performance metrics for the Xen pool associated
            with this instance.
            </summary>
        </member>
        <member name="M:Citrix.DWM.Collectors.XenCollectorBase.RegisterForEvents">
            <summary>
            Register for interesting events (vm add, PDB detach, etc) within
            the pool.
            </summary>
        </member>
        <member name="M:Citrix.DWM.Collectors.XenCollectorBase.UnregisterForEvents">
            <summary>
            Remove registration entries for interesting events (vm add,
            PDB detach, etc) within the pool.
            </summary>
        </member>
        <member name="M:Citrix.DWM.Collectors.XenCollectorBase.EventThreadProc">
            <summary>
            Listen for interesting events (vm add, PDB detach, etc) within the
            pool.
            </summary>
        </member>
        <member name="M:Citrix.DWM.Collectors.XenCollectorBase.ProcessVmEvent(System.String,System.String,System.String,CookComputing.XmlRpc.XmlRpcStruct)">
            <summary>
            Process a Xen event of the specified VM
            </summary>
            <param name="vmUuid">The unique ID of the VM that is the target of
            the Xen event.</param>
            <param name="operation">The event type - add, modify, etc.</param>
            <param name="serverOpaqueRef">The server handle of the VM to which
            the event applies.</param>
            <param name="snapshot">The snapshot data associated with the
            event.</param>
        </member>
        <member name="M:Citrix.DWM.Collectors.XenCollectorBase.ProcessHostEvent(System.String,System.String,System.String,CookComputing.XmlRpc.XmlRpcStruct)">
            <summary>
            Process a Xen event on the specified host
            </summary>
            <param name="hostUuid">The unique ID of the host that is the target of
            the Xen event.</param>
            <param name="operation">The event type - add, modify, etc.</param>
            <param name="serverOpaqueRef">The server handle of the Host to which
            the event applies.</param>
            <param name="snapshot">The snapshot data associated with the
            event.</param>
        </member>
        <member name="M:Citrix.DWM.Collectors.XenCollectorBase.ProcessTaskEvent(System.String,System.String,System.String,CookComputing.XmlRpc.XmlRpcStruct)">
            <summary>
            Process a Xen event of the specified task
            </summary>
            <param name="taskUuid">The unique ID of the task that is the target of
            the Xen event.</param>
            <param name="operation">The event type - add, modify, etc.</param>
            <param name="serverOpaqueRef">The server handle of the task to which
            the event applies.</param>
            <param name="snapshot">The snapshot data associated with the
            event.</param>
        </member>
        <member name="M:Citrix.DWM.Collectors.XenCollectorBase.ProcessPoolEvent(System.String,System.String,System.String,CookComputing.XmlRpc.XmlRpcStruct)">
            <summary>
            Process a Xen event for the specified pool.
            </summary>
            <param name="poolUuid">The unique ID of the pool that is the target
            of the Xen event.</param>
            <param name="operation">The event type - add, modify, etc.</param>
            <param name="serverOpaqueRef">The server handle of the Pool to which
            the event applies.</param>
            <param name="snapshot">The snapshot data associated with the
            event.</param>
        </member>
        <member name="M:Citrix.DWM.Collectors.XenCollectorBase.GetProperty(System.String,CookComputing.XmlRpc.XmlRpcStruct,System.String@)">
            <summary>
            Retrieve the specified property from the snapshot data that is
            associated with a Xen event.
            </summary>
            <param name="propName">Name of property to retrieve.</param>
            <param name="snapshot">Snapshot of data associated with a Xen
            event.</param>
            <param name="propValue">On output, contains the value of the
            property if it was present in the snapshot.  If the property
            was not present in the snapshost, propValue will be null on
            outpue.</param>
            <returns>True if the property was present in the snapshot;
            false otherwise.</returns>
        </member>
        <member name="M:Citrix.DWM.Collectors.XenCollectorBase.HasPropertyChanged(System.String,CookComputing.XmlRpc.XmlRpcStruct,System.String)">
            <summary>
            Determine if the specified property within the snapshot data is
            different from the old value.
            </summary>
            <param name="propName">Name of property to check.</param>
            <param name="snapshot">Snapshot of new values of all properties.</param>
            <param name="oldValue">Old value of the property to check.</param>
            <returns>True if the property has changed; false otherwise</returns>
        </member>
        <member name="M:Citrix.DWM.Collectors.XenCollectorBase.HasPropertyChanged``1(System.String,CookComputing.XmlRpc.XmlRpcStruct,System.Collections.Generic.List{XenAPI.XenRef{``0}})">
            <summary>
            Determine if the specified property within the snapshot data is
            different from the old value.
            </summary>
            <param name="propName">Name of property to check.</param>
            <param name="snapshot">Snapshot of new values of all properties.</param>
            <param name="oldValue">Old value of the property to check.</param>
            <returns>True if the property has changed; false otherwise</returns>
        </member>
        <member name="M:Citrix.DWM.Collectors.XenCollectorBase.HasVmRebooted(CookComputing.XmlRpc.XmlRpcStruct,XenAPI.VM)">
            <summary>
            Attempt to determine if a VM has completed a reboot by analyzing
            the snapshot data of a VM event.
            </summary>
            <param name="snapshot">&gt;The snapshot of VM that is associated with
            the VM event.</param>
            <param name="xenVM">The state of the VM prior to the event.</param>
            <returns>
            True if the VM has completed a reboot; false otherwise.
            </returns>
        </member>
        <member name="M:Citrix.DWM.Collectors.XenCollectorBase.TraceVmEvent(CookComputing.XmlRpc.XmlRpcStruct,XenAPI.VM)">
            <summary>
            Trace the data associated with a XenServer virtual machine event.
            </summary>
            <param name="snapshot">The VM data when the event fired.</param>
            <param name="vm">The VM before the event fired.</param>
        </member>
        <member name="M:Citrix.DWM.Collectors.XenCollectorBase.ThreadProc">
            <summary>
            Thread that does the actual data collection based on the poll
            interval _pollInterval;
            </summary>
        </member>
        <member name="M:Citrix.DWM.Collectors.XenCollectorBase.Heartbeat">
            <summary>
            Make sure the pool master is alive and we still have a valid
            session.
            </summary>
            <returns>True if we have a valid session on the pool master;
            false otherwise.</returns>
        </member>
        <member name="M:Citrix.DWM.Collectors.XenCollectorBase.OnConnectionLost(System.Exception)">
            <summary>
            Handle the connection to the pool master being lost.  The first
            time the connection is lost wwe just set a flag to retry on the
            next poll interval.  If the connection is lost on two consecutive
            poll intervals we will try to find a new pool master.
            </summary>
        </member>
        <member name="M:Citrix.DWM.Collectors.XenCollectorBase.EndSession">
            <summary>
            End out current Xen session.
            </summary>
        </member>
        <member name="M:Citrix.DWM.Collectors.XenCollectorBase.FindNewMaster">
            <summary>
            Try to find a new pool master.
            </summary>
        </member>
        <member name="M:Citrix.DWM.Collectors.XenCollectorBase.OnInterval">
            <summary>
            Handle a poll interval for the data collection thread querying
            the hypervisor pool for performance metrics.
            </summary>
        </member>
        <member name="M:Citrix.DWM.Collectors.XenCollectorBase.IsValidXenRef``1(XenAPI.XenRef{``0})">
            <summary>
            Determine if the specified XenRef instance is a valid reference.
            </summary>
            <param name="xenRef">The XenRef instance to check.</param>
            <returns>True if the reference is valid; false otherwise.</returns>
            <remarks>The reference is invalid if it is null, the ServerOpaqueRef
            member is not null or empty string and the ServerOpaqueRef member is
            not equal to 'OpaqueRef:NULL'</remarks>
        </member>
        <member name="M:Citrix.DWM.Collectors.XenCollectorBase.IsValidXenRef(System.String)">
            <summary>
            Determine if the specified XenRef string is a valid reference.
            </summary>
            <param name="serverOpaqueRef">The XenRef string instance to check.</param>
            <returns>True if the reference is valid; false otherwise.</returns>
        </member>
        <member name="M:Citrix.DWM.Collectors.XenCollectorBase.FailureToReason(XenAPI.Failure)">
            <summary>
            Convert a the ErrorDescription of a Xen exception into a
            CantBootReason enumeration.
            </summary>
            <param name="f">The Xen exception to convert.</param>
            <returns>CantBootReason representation of a Xen exception.</returns>
        </member>
        <member name="M:Citrix.DWM.Collectors.XenCollectorBase.Trace(System.Boolean,System.String,System.Object[])">
            <summary>
            Writes the text representation of the specified array of objects to
            the log file if _traceEnabled is set to true.
            </summary>
            <param name="traceFlag">If true, the message will be written.  If
            false the message will be ignored.</param>
            <param name="fmt">The format string.</param>
            <param name="args">Objects to write using format.</param>
        </member>
        <member name="T:Citrix.DWM.Collectors.MetricItemIndex">
            <summary>
            Structure to describe where the row number of a devices's metric data
            within the XML of Xen 5 metrics.
            </summary>
        </member>
        <member name="M:Citrix.DWM.Collectors.MetricItemIndex.#ctor(System.Int32,System.Int32)">
            <summary>
            Initialize a new instane of the MetricItemIndex structure.
            </summary>
            <param name="deviceNumber">Value for the DeviceNumber field.</param>
            <param name="rowIndex">Value for the RowIndex field.</param>
        </member>
        <member name="P:Citrix.DWM.Collectors.MetricItemIndex.DeviceNumber">
            <summary>
            The device number - cpu0, cpu1, vbd_hda, vbd_hdb, etc.
            </summary>
        </member>
        <member name="P:Citrix.DWM.Collectors.MetricItemIndex.RowIndex">
            <summary>
            The row number of the device's metrics within the XML.
            </summary>
        </member>
        <member name="P:Citrix.DWM.Collectors.MetricItemIndex.IsNetworkedDevice">
            <summary>
            Flag to indicate if the device is routed through the network.
            This is used with VBDs to indicate if the IO is placing a network
            load on the host.
            </summary>
        </member>
        <member name="T:Citrix.DWM.Collectors.XenMetricsIndex">
            <summary>
            Class to describe the row index within Xen 5 XML metrics of each
            metric that is used by Kirkwood.
            </summary>
        </member>
        <member name="M:Citrix.DWM.Collectors.XenMetricsIndex.#ctor(System.String)">
            <summary>
            Initialize a new instance of the XenMetricsIndex class.
            </summary>
            <param name="hostUuid">Unique identifier of the host to which the
            metrics apply.</param>
        </member>
        <member name="M:Citrix.DWM.Collectors.XenMetricsIndex.#ctor(System.String,System.String)">
            <summary>
            Initialize a new instance of the XenMetricsIndex class.
            </summary>
            <param name="hostUuid">Unique identifier of the host to which the
            metrics apply.</param>
            <param name="vmUuid">Unique identifier of the vm to which the
            metrics apply.</param>
        </member>
        <member name="F:Citrix.DWM.Collectors.XenMetricsIndex.LoadAverageRowIndex">
            <summary>
            The index within Xen 5.0 metrics of the load average metric.
            This value should only be used by the Xen data collector.
            </summary>
        </member>
        <member name="F:Citrix.DWM.Collectors.XenMetricsIndex.TotalMemRowIndex">
            <summary>
            The index within Xen 5.0 metrics of the total memory metric.
            This value should only be used by the Xen data collector.
            </summary>
        </member>
        <member name="F:Citrix.DWM.Collectors.XenMetricsIndex.FreeMemRowIndex">
            <summary>
            The index within Xen 5.0 metrics of the free memory metric.
            This value should only be used by the Xen data collector.
            </summary>
        </member>
        <member name="F:Citrix.DWM.Collectors.XenMetricsIndex.TargetMemRowIndex">
            <summary>
            The index within Xen 5.5 metrics of the memory target metric.
            This value should only be used by the Xen data collector.
            </summary>
        </member>
        <member name="F:Citrix.DWM.Collectors.XenMetricsIndex.RunstateBlocked">
            <summary>
            The index within Xen 5.5 metrics for the percent of time all
            VCPUs are blocked
            This value should only be used by the Xen data collector.///
            </summary>
        </member>
        <member name="F:Citrix.DWM.Collectors.XenMetricsIndex.RunstatePartialRun">
            <summary>
            The index within Xen 5.5 metrics for when some VCPUs are running,
            others are blocked
            This value should only be used by the Xen data collector.///
            </summary>
        </member>
        <member name="F:Citrix.DWM.Collectors.XenMetricsIndex.RunstateFullRun">
            <summary>
            The index within Xen 5.5 metrics for % of time all VCPUs are
            running
            This value should only be used by the Xen data collector.///
            </summary>
        </member>
        <member name="F:Citrix.DWM.Collectors.XenMetricsIndex.RunstatePartialContention">
            <summary>
            The index within Xen 5.5 metrics for % of time some VCPUs
            are blocked, others are waiting for the CPU
            This value should only be used by the Xen data collector.///
            </summary>
        </member>
        <member name="F:Citrix.DWM.Collectors.XenMetricsIndex.RunstateConcurrencyHazard">
            <summary>
            The index within Xen 5.5 metrics for % of time where some VCPU's
            are running, others are waiting for the CPU.
            This value should only be used by the Xen data collector.///
            </summary>
        </member>
        <member name="F:Citrix.DWM.Collectors.XenMetricsIndex.RunstateFullContention">
            <summary>
            The index within Xen 5.5 metrics for the % of time all VCPUs
            are waiting for the CPU
            This value should only be used by the Xen data collector.///
            </summary>
        </member>
        <member name="P:Citrix.DWM.Collectors.XenMetricsIndex.HostUuid">
            <summary>
            Get or set the unique identifier of the host to which the
            metrics apply.
            </summary>
        </member>
        <member name="P:Citrix.DWM.Collectors.XenMetricsIndex.VmUuid">
            <summary>
            Get or set the unique identifier of the virtual machine to which
            the metrics apply.
            </summary>
        </member>
        <member name="P:Citrix.DWM.Collectors.XenMetricsIndex.CpuUtilizationRowIndex">
            <summary>
            The indices within Xen 5.0 metrics of the CPU utilization metrics.
            This value should only be used by the Xen data collector.
            </summary>
        </member>
        <member name="P:Citrix.DWM.Collectors.XenMetricsIndex.PifIoReadRowIndex">
            <summary>
            The indices within Xen 5.0 metrics of the physical interface read
            per second metrics.  This value should only be used by the Xen data
            collector.
            </summary>
        </member>
        <member name="P:Citrix.DWM.Collectors.XenMetricsIndex.PifIoWriteRowIndex">
            <summary>
            The indices within Xen 5.0 metrics of the physical interface write
            per second metrics.  This value should only be used by the Xen data
            collector.
            </summary>
        </member>
        <member name="P:Citrix.DWM.Collectors.XenMetricsIndex.VbdIoReadRowIndex">
            <summary>
            The indices within Xen 5.0 metrics of the virtual block device
            IO read per second metrics.
            </summary>
        </member>
        <member name="P:Citrix.DWM.Collectors.XenMetricsIndex.VbdIoWriteRowIndex">
            <summary>
            The indices within Xen 5.0 metrics of the virtual block device
            IO write per second metrics.
            </summary>
        </member>
        <member name="M:Citrix.DWM.Collectors.XenMetricsIndex.SafeGetItem``1(``0@)">
            <summary>
            Retrieve a non-null reference to the specified item.
            </summary>
            <typeparam name="T">Type of item to retrieve.</typeparam>
            <param name="item">Instance of item to retrieve/return.  If this
            instance is null, a new instance will be created.</param>
            <returns>Non null instance of item.</returns>
        </member>
        <member name="T:Citrix.DWM.Collectors.XenMetricsIndexCollection">
            <summary>
            XenMetricsIndex instances for one or more virtual machines.
            </summary>
        </member>
    </members>
</doc>
