<?xml version="1.0"?>
<doc>
    <assembly>
        <name>obj/Release/Citrix.Dwm.Framework</name>
    </assembly>
    <members>
        <member name="T:Citrix.DWM.Framework.CmdLineArgs">
            <summary>
            This class will parse the command line arguments and show usage if
            arguments are not as expected. Currently this class is shoehorned into
            one specific use case, if you would like to make it more general, go ahead.
            </summary>
        </member>
        <member name="M:Citrix.DWM.Framework.CmdLineArgs.#ctor(System.String[])">
            <summary>
            Constructor
            </summary>
            <param name="args">Command line arguments.</param>
        </member>
        <member name="P:Citrix.DWM.Framework.CmdLineArgs.IsDebug">
            <summary>
            True if the debug flag is specified.
            </summary>
        </member>
        <member name="P:Citrix.DWM.Framework.CmdLineArgs.ProgramName">
            <summary>
            Executing program name
            </summary>
        </member>
        <member name="P:Citrix.DWM.Framework.CmdLineArgs.AreArgsValid">
            <summary>
            True if the arguments passed in are valid.
            </summary>
        </member>
        <member name="T:Citrix.DWM.Framework.ConfigItems">
            <summary>
            WLB configuration items. The keys are NOT case sensitive.
            </summary>
        </member>
        <member name="F:Citrix.DWM.Framework.ConfigItems.DBReportsTimeout">
            <summary>
            Database command timeout for reports (in secs). Reports usually take more time to execute.
            </summary>
        </member>
        <member name="F:Citrix.DWM.Framework.ConfigItems.WorkMemory">
            <summary>
            Work Memory in MB. This value will be used for PostgreSQL work_mem parameter whenever it is set explicitly from the code.
            </summary>
        </member>
        <member name="F:Citrix.DWM.Framework.ConfigItems.WcfServicePort">
            <summary>
            Web service port
            </summary>
        </member>
        <member name="F:Citrix.DWM.Framework.ConfigItems.RestDebugMode">
            <summary>
            If debug mode is set to true, Exception StackTrace is exposed to the client
            from the REST Web Service
            Default: false
            </summary>
        </member>
        <member name="F:Citrix.DWM.Framework.ConfigItems.ConsolidationDBTimeout">
            <summary>
            Database command timeout for consolidation (in seconds).
            Default: 300
            </summary>
        </member>
        <member name="F:Citrix.DWM.Framework.ConfigItems.DiscoveryInterval">
            <summary>
            Interval between two consecutive discoveries (in hours).
            Default: 24
            </summary>
        </member>
        <member name="F:Citrix.DWM.Framework.ConfigItems.HostPowerOnTimeout">
            <summary>
            Timeout in seconds for XenCollectorActions.HostPowerOn.
            </summary>
        </member>
        <member name="F:Citrix.DWM.Framework.ConfigItems.VmMigrateTimeout">
            <summary>
            Timeout in seconds for XenCollectorActions.MigrateVm
            </summary>
        </member>
        <member name="F:Citrix.DWM.Framework.ConfigItems.MetricsPerBatch">
            <summary>
            If number of vm metrics exceeds this value, this batch of metric data will be flushed to database.
            Default: 100
            </summary>
        </member>
        <member name="F:Citrix.DWM.Framework.ConfigItems.TraceDBCommandText">
            <summary>
            If false, command text is truncated if it is too long,
            otherwise whole command text is logged.
            </summary>
        </member>
        <member name="P:Citrix.DWM.Framework.Configuration.ConfigFileName">
            <summary>
            Configuration file name. Default file is wlb.conf
            The configuration file should be in the same directory as the executable reading it.
            </summary>
        </member>
        <member name="M:Citrix.DWM.Framework.Configuration.ExtractKey(System.String)">
            <summary>
            Extracts the key portion of a string containing a key/value pair..
            </summary>
            <param name="s">The string to be processed, which contains a key/value pair</param>
            <returns>The name of the extracted key.</returns>
        </member>
        <member name="M:Citrix.DWM.Framework.Configuration.ExtractValue(System.String)">
            <summary>
            Extracts the value portion of a string containing a key/value pair..
            </summary>
            <param name="s">The string to be processed, which contains a key/value pair</param>
            <returns>The name of the extracted value.</returns>
        </member>
        <member name="M:Citrix.DWM.Framework.Configuration.ReloadConfiguration">
            <summary>
            Clears configs from memory and reloads everything from the file. Explicit calls to this function are not normally necessary,
            changes are automatically detected and loaded.
            </summary>
        </member>
        <member name="M:Citrix.DWM.Framework.Configuration.GetValueAsInt(Citrix.DWM.Framework.ConfigItems)">
            <summary>
            Retrieves an int value from the conf file.
            </summary>
            <param name="configName">Name of the configuration to retrieve.</param>
            <returns>Value read from conf file and 0 string if parsing fails.</returns>
        </member>
        <member name="M:Citrix.DWM.Framework.Configuration.GetValueAsInt(Citrix.DWM.Framework.ConfigItems,System.Int32)">
            <summary>
            Retrieves an int value from the conf file.
            </summary>
            <param name="configName">Name of the configuration to retrieve.</param>
            <param name="defaultValue">Default value to be returned if parsing to int fails.</param>
        </member>
        <member name="M:Citrix.DWM.Framework.Configuration.InternalGetValueAsInt(Citrix.DWM.Framework.ConfigItems,System.Object)">
            <summary>
            Internal method to handle null integer defaultValues
            </summary>
            <param name="configName">Name of the configuration to retrieve</param>
            <param name="defaultValue">Nullable default value to return</param>
            <returns>
            </returns>
        </member>
        <member name="M:Citrix.DWM.Framework.Configuration.GetValueAsBool(Citrix.DWM.Framework.ConfigItems)">
            <summary>
            Retrieves an boolean value from the conf file.
            </summary>
            <param name="configName">Name of the configuration to retrieve.</param>
            <returns>
            true if value is True or 1, false otherwise.
            </returns>
        </member>
        <member name="M:Citrix.DWM.Framework.Configuration.GetValueAsBool(Citrix.DWM.Framework.ConfigItems,System.Boolean)">
            <summary>
            Retrieves an boolean value from the conf file.
            </summary>
            <param name="configName">Name of the configuration to retrieve.</param>
            <param name="defaultValue">Default value to be returned if parsing to bool fails.</param>
            <returns>
            True if value is True or 1, False if value is False or 0, <paramref name="defaultValue" /> otherwise.
            </returns>
        </member>
        <member name="M:Citrix.DWM.Framework.Configuration.InternalGetValueAsBool(Citrix.DWM.Framework.ConfigItems,System.Object)">
            <summary>
            Internal method to handle null boolean defaultValues
            </summary>
            <param name="configName">Name of the configuration to retrieve</param>
            <param name="defaultValue">Nullable default value</param>
            <returns>
            </returns>
        </member>
        <member name="M:Citrix.DWM.Framework.Configuration.GetValueAsString(Citrix.DWM.Framework.ConfigItems)">
            <summary>
            Retrieves a string from the conf file.
            </summary>
            <param name="configName">Name of the configuration to retrieve.</param>
            <returns>Value read from conf file and an Empty string if parsing fails.</returns>
        </member>
        <member name="M:Citrix.DWM.Framework.Configuration.GetValueAsString(Citrix.DWM.Framework.ConfigItems,System.String)">
            <summary>
            Retrieves a string from the conf file.
            </summary>
            <param name="configName">Name of the configuration to retrieve.</param>
            <param name="defaultValue">Default value to be returned if string is null or empty.</param>
        </member>
        <member name="M:Citrix.DWM.Framework.Configuration.InternalGetValueAsString(Citrix.DWM.Framework.ConfigItems,System.Object)">
            <summary>
            Internal method to handle null string defaultValues.  This structure is not strictly needed
            but is included to keep function structure similar to other value types.
            </summary>
            <param name="configName">Name of the configuration to retrieve.</param>
            <returns>Value read from conf file and an Empty string if parsing fails.</returns>
            <returns>
            </returns>
        </member>
        <member name="M:Citrix.DWM.Framework.Configuration.GetValueAsLong(Citrix.DWM.Framework.ConfigItems)">
            <summary>
            Retrieves a long value from the conf file.
            </summary>
            <param name="configName">Name of the configuration to retrieve.</param>
            <returns>Value read from conf file and 0 if parsing fails.</returns>
        </member>
        <member name="M:Citrix.DWM.Framework.Configuration.GetValueAsLong(Citrix.DWM.Framework.ConfigItems,System.Int64)">
            <summary>
            Retrieves a long value from the conf file.
            </summary>
            <param name="configName">Name of the configuration to retrieve.</param>
            <param name="defaultValue">Default value to be returned if parsing to long fails.</param>
        </member>
        <member name="M:Citrix.DWM.Framework.Configuration.InternalGetValueAsLong(Citrix.DWM.Framework.ConfigItems,System.Object)">
            <summary>
            Internal method to handle null long defaultValues.
            </summary>
            <param name="configName">Name of the configuration to retrieve.</param>
            <returns>Value read from conf file and an Empty string if parsing fails.</returns>
            <returns>
            </returns>
        </member>
        <member name="M:Citrix.DWM.Framework.Configuration.GetValueAsDouble(Citrix.DWM.Framework.ConfigItems)">
            <summary>
            Retrieves a double value from the conf file.
            </summary>
            <param name="configName">Name of the configuration to retrieve.</param>
            <returns>Returns value read from conf file, and 0 if parsing fails.</returns>
        </member>
        <member name="M:Citrix.DWM.Framework.Configuration.GetValueAsDouble(Citrix.DWM.Framework.ConfigItems,System.Double)">
            <summary>
            Retrieves a double value from the conf file.
            </summary>
            <param name="configName">Name of the configuration to retrieve.</param>
            <param name="defaultValue">Default value to be returned if parsing to double fails.</param>
        </member>
        <member name="M:Citrix.DWM.Framework.Configuration.InternalGetValueAsDouble(Citrix.DWM.Framework.ConfigItems,System.Object)">
            <summary>
            Internal method to handle null double defaultValues.
            </summary>
            <param name="configName">Name of the configuration to retrieve.</param>
            <returns>Value read from conf file and an Empty string if parsing fails.</returns>
            <returns>
            </returns>
        </member>
        <member name="M:Citrix.DWM.Framework.Configuration.SetValue(Citrix.DWM.Framework.ConfigItems,System.Boolean)">
            <summary>
            Sets the configuration to the specified bool value.
            </summary>
            <param name="confName">Name of the configuration to be changed.</param>
            <param name="value">New value of configuration.</param>
        </member>
        <member name="M:Citrix.DWM.Framework.Configuration.SetValue(Citrix.DWM.Framework.ConfigItems,System.Int32)">
            <summary>
            Sets the configuration to the specified int value.
            </summary>
            <param name="confName">Name of the configuration to be changed.</param>
            <param name="value">New value of configuration.</param>
        </member>
        <member name="M:Citrix.DWM.Framework.Configuration.SetValue(Citrix.DWM.Framework.ConfigItems,System.Double)">
            <summary>
            Sets the configuration to the specified double value.
            </summary>
            <param name="confName">Name of the configuration to be changed.</param>
            <param name="value">New value of configuration.</param>
        </member>
        <member name="M:Citrix.DWM.Framework.Configuration.SetValue(Citrix.DWM.Framework.ConfigItems,System.Int64)">
            <summary>
            Sets the configuration to the specified long value.
            </summary>
            <param name="confName">Name of the configuration to be changed.</param>
            <param name="value">New value of configuration.</param>
        </member>
        <member name="M:Citrix.DWM.Framework.Configuration.SetValue(Citrix.DWM.Framework.ConfigItems,System.String)">
            <summary>
            Sets the configuration to the specified string value.
            </summary>
            <param name="confName">Name of the configuration to be changed.</param>
            <param name="value">New value of configuration.</param>
        </member>
        <member name="M:Citrix.DWM.Framework.Configuration.InternalSetValue(Citrix.DWM.Framework.ConfigItems,System.Object)">
            <summary>
            Sets the configuration to the specified object value.
            </summary>
            <param name="confName">Name of the configuration to be changed.</param>
            <param name="value">New value of configuration.</param>
        </member>
        <member name="T:Citrix.DWM.Framework.Crypto">
            <summary>
            Utility class for encrypting and decrypting information
            </summary>
        </member>
        <member name="M:Citrix.DWM.Framework.Crypto.GetHashKey">
            <summary>
            Retrieve the hash key used to encrypt/decrypt passwords.
            </summary>
            <returns>The hash key used to encrypt/decrypt passwords.</returns>
        </member>
        <member name="M:Citrix.DWM.Framework.Crypto.GenHashKey">
            <summary>
            Generate a hash key used to encrypt passwords.
            </summary>
            <returns>16 character hash key.</returns>
        </member>
        <member name="M:Citrix.DWM.Framework.Crypto.Encrypt(System.String)">
            <summary>
            Encrypts a given string with the provided key
            </summary>
            <param name="text">string to be encrypted</param>
            <returns>
            </returns>
        </member>
        <member name="M:Citrix.DWM.Framework.Crypto.Decrypt(System.String)">
            <summary>
            Decrypts a given string with the provided key
            </summary>
            <param name="text">string for decryption</param>
            <returns>
            </returns>
        </member>
        <member name="M:Citrix.DWM.Framework.Crypto.HashPassword(System.String,System.String)">
            <summary>
            Generate a one way hash with salt for storing and verifying the wlb password
            </summary>
            <param name="text">text to be hashed</param>
            <param name="salt">some salt to make the hash more secure</param>
            <returns>
            </returns>
        </member>
        <member name="T:Citrix.DWM.Framework.DBAccess">
            <summary>
            Base database access class.
            </summary>
        </member>
        <member name="M:Citrix.DWM.Framework.DBAccess.#ctor">
            <summary>
            DBAccess constructor.
            </summary>
        </member>
        <member name="T:Citrix.DWM.Framework.DBAccess.NpgsqlErrors">
            <summary>
            Npgsql errors that will cause this class to retry a batch.
            </summary>
        </member>
        <member name="T:Citrix.DWM.Framework.DBAccess.Resources">
            <summary>
            Arbitrary identifiers of resources. These identifiers will be used to acquire advisory locks.
            All the components should use the same ids to denote resources or the use of advisory locks becomes moot.
            </summary>
        </member>
        <member name="M:Citrix.DWM.Framework.DBAccess.Resources.GetResourceId(System.String)">
            <summary>
            Gets the resource id for the given resource if it exists.
            If no id is available, returns 0. The caller should not try to obtain a lock if 0 is returned.
            </summary>
            <param name="resourceName">Name of an arbitrary resource (typically table or a group of tables).</param>
            <returns>
            </returns>
        </member>
        <member name="T:Citrix.DWM.Framework.DBAccess.LockMode">
            <summary>
            Lockmode for advisory locks.
            </summary>
        </member>
        <member name="F:Citrix.DWM.Framework.DBAccess.LockMode.Exclusive">
            <summary>
            Exclusive lock mode. Only one lock can be placed on a resource on this mode.
            If there's already a Shared Mode lock on a resource, this lock mode will fail to obtain a lock.
            </summary>
        </member>
        <member name="F:Citrix.DWM.Framework.DBAccess.LockMode.Shared">
            <summary>
            Shared lock mode. Multiple shared locks can be placed on a resource.
            Only would-be exclusive mode locks will be denied.
            </summary>
        </member>
        <member name="T:Citrix.DWM.Framework.DBAccess.ExecuteType">
            <summary>
            The type of SQL statement that was being executed when a SQL
            exeception occurred.  Used by the RetryExecuteMethod.
            </summary>
        </member>
        <member name="F:Citrix.DWM.Framework.DBAccess._commandFinished">
            <summary>
            Specifies whether the running command finished successfully.
            </summary>
        </member>
        <member name="P:Citrix.DWM.Framework.DBAccess.ConnectString">
            <summary>
            Set the database connect string for this instance.
            </summary>
        </member>
        <member name="P:Citrix.DWM.Framework.DBAccess.Timeout">
            <summary>
            Get or set the timeout value, in seconds, for this instance.
            </summary>
        </member>
        <member name="P:Citrix.DWM.Framework.DBAccess.UseTransaction">
            <summary>
            Get or set a flag to indicate if ExecuteXXX calls should be
            wrapped in a transaction.
            </summary>
        </member>
        <member name="P:Citrix.DWM.Framework.DBAccess.RetryMaxAttempts">
            <summary>
            Get the number of times the initial DB connection should be
            retried in the event of a connection failure.
            </summary>
        </member>
        <member name="P:Citrix.DWM.Framework.DBAccess.RetrySleepInterval">
            <summary>
            Get the number of seconds to wait before retrying the initial DB
            connection in the event of a connection failure.
            </summary>
        </member>
        <member name="P:Citrix.DWM.Framework.DBAccess.AdvisoryLocksCount">
            <summary>
            Gets the number of advisory locks held by this database connection (exclusive and shared locks count combined).
            </summary>
        </member>
        <member name="P:Citrix.DWM.Framework.DBAccess.CanConnectToDb">
            <summary>
            Checks whether the database connection can be opened.
            Use this to test if the database is up and ready to accept connections yet.
            </summary>
        </member>
        <member name="P:Citrix.DWM.Framework.DBAccess.NextTraceCount">
            <summary>
            Get the next unique ID for tracing DB calls.
            </summary>
        </member>
        <member name="M:Citrix.DWM.Framework.DBAccess.GetConnectString">
            <summary>
            Retrieve the connection used by this instance.
            </summary>
            <returns>Connect string for this instance.</returns>
            <remarks>If the ConnectString property has been set it will be return.
            Otherwise, the default connect string will be returned.</remarks>
        </member>
        <member name="M:Citrix.DWM.Framework.DBAccess.GetConnection">
            <summary>
            Retrieve an open connection to the database.
            </summary>
            <returns>
            NpgsqlConnection instance with an open connection to the database.
            </returns>
        </member>
        <member name="M:Citrix.DWM.Framework.DBAccess.PollUntilDbAcceptsConnection">
            <summary>
            Polls the database every second until it is ready to accept connections.
            The function returns only after it was able to successfully connect to the database.
            </summary>
        </member>
        <member name="M:Citrix.DWM.Framework.DBAccess.PrepareAndReturnCommand(System.String,Citrix.DWM.Framework.StoredProcParamCollection)">
            <summary>
            Set up a NpgsqlCommand instance that with the specified Npgsql statement
            and parameters.
            </summary>
            <param name="sqlStatement">The Npgsql statement to associated with the
            NpgsqlCommand instance.</param>
            <param name="parms">The parameters to associate with the Npgsql
            statement.</param>
            <returns>
            An NpgsqlCommand instance with and open connection to the database.
            </returns>
        </member>
        <member name="M:Citrix.DWM.Framework.DBAccess.ExecuteReader(System.String)">
            <summary>
            Execute the specified SQL statement and return a data reader.
            </summary>
            <param name="sqlStatement">Name of the stored procedure to execute.</param>
            <returns>If successful, DataReader representing the result of the
            stored procedure; Null otherwise.</returns>
        </member>
        <member name="M:Citrix.DWM.Framework.DBAccess.ExecuteReader(System.String,Citrix.DWM.Framework.StoredProcParamCollection)">
            <summary>
            Execute the specified SQL statement and return a data reader.
            </summary>
            <param name="sqlStatement">Name of the stored procedure to execute.</param>
            <param name="parms">Parameters for the SQL statement.</param>
            <returns>If successful, DataReader representing the result of the
            stored procedure; Null otherwise.</returns>
        </member>
        <member name="M:Citrix.DWM.Framework.DBAccess.ExecuteDataSet(System.String)">
            <summary>
            Execute the specified SQL statement and return a data set.
            </summary>
            <param name="sqlStatement">SQL statement to execute.</param>
            <returns>If successful, DataSet representing the result of the
            SQL statement; Null otherwise.</returns>
        </member>
        <member name="M:Citrix.DWM.Framework.DBAccess.ExecuteDataSet(System.String,Citrix.DWM.Framework.StoredProcParamCollection)">
            <summary>
            Execute the specified SQL statement and return a data set.
            </summary>
            <param name="sqlStatement">SQL statement to execute.</param>
            <param name="parms">Parameters for the SQL statement.</param>
            <returns>If successful, DataSet representing the result of the
            SQL statement; Null otherwise.</returns>
        </member>
        <member name="M:Citrix.DWM.Framework.DBAccess.GetDbExceptionMessage(Npgsql.NpgsqlException)">
            <summary>
            Get proper exception message for PostgreSQL Exceptions.
            Primary purpose is to fix the error message for timeouts.
            </summary>
            <param name="ex">Database Exception.</param>
        </member>
        <member name="M:Citrix.DWM.Framework.DBAccess.ExecuteSql(System.String)">
            <summary>
            Execute the specified SQL statement.
            </summary>
            <param name="sqlStatement">SQL statement to executue.</param>
            <returns>The number of rows affected by the SQL statement.</returns>
        </member>
        <member name="M:Citrix.DWM.Framework.DBAccess.ExecuteNonQuery(System.String)">
            <summary>
            Execute the specified SQL statement that does not invoke a query..
            </summary>
            <param name="sqlStatement">SQL statement to executue.</param>
            <returns>The result of the query or stored procedure.</returns>
        </member>
        <member name="M:Citrix.DWM.Framework.DBAccess.ExecuteNonQuery(System.String,Citrix.DWM.Framework.StoredProcParamCollection)">
            <summary>
            Execute the specified SQL statement that does not invoke a query..
            </summary>
            <param name="sqlStatement">SQL statement to executue.</param>
            <param name="parms">Parameters for the SQL statement.</param>
            <returns>The result of the query or stored procedure.</returns>
        </member>
        <member name="M:Citrix.DWM.Framework.DBAccess.ExecuteScalarLong(System.String)">
            <summary>
            Execute the specified SQL statement and return an integer value.
            </summary>
            <param name="sqlStatement">SQL statement to executue.</param>
            <returns>The integer result of running the SQL statement.</returns>
        </member>
        <member name="M:Citrix.DWM.Framework.DBAccess.ExecuteScalarLong(System.String,Citrix.DWM.Framework.StoredProcParamCollection)">
            <summary>
            Execute the specified SQL statement and return an integer value.
            </summary>
            <param name="sqlStatement">SQL statement to executue.</param>
            <param name="parms">Parameters for the SQL statement.</param>
            <returns>The integer result of running the SQL statement.</returns>
        </member>
        <member name="M:Citrix.DWM.Framework.DBAccess.ExecuteScalarInt(System.String)">
            <summary>
            Execute the specified SQL statement and return an integer value.
            </summary>
            <param name="sqlStatement">SQL statement to executue.</param>
            <returns>The integer result of running the SQL statement.</returns>
        </member>
        <member name="M:Citrix.DWM.Framework.DBAccess.ExecuteScalarInt(System.String,Citrix.DWM.Framework.StoredProcParamCollection)">
            <summary>
            Execute the specified SQL statement and return an integer value.
            </summary>
            <param name="sqlStatement">SQL statement to executue.</param>
            <param name="parms">Parameters for the SQL statement.</param>
            <returns>The integer result of running the SQL statement.</returns>
        </member>
        <member name="M:Citrix.DWM.Framework.DBAccess.ExecuteScalarDouble(System.String)">
            <summary>
            Execute the specified SQL statement and return a double value.
            </summary>
            <param name="sqlStatement">SQL statement to executue.</param>
            <returns>The double result of running the SQL statement.</returns>
        </member>
        <member name="M:Citrix.DWM.Framework.DBAccess.ExecuteScalarDouble(System.String,Citrix.DWM.Framework.StoredProcParamCollection)">
            <summary>
            Execute the specified SQL statement and return a double value.
            </summary>
            <param name="sqlStatement">SQL statement to executue.</param>
            <param name="parms">Parameters for the SQL statement.</param>
            <returns>The double result of running the SQL statement.</returns>
        </member>
        <member name="M:Citrix.DWM.Framework.DBAccess.ExecuteScalarBool(System.String)">
            <summary>
            Execute the specified SQL statement and return a boolean value.
            </summary>
            <param name="sqlStatement">SQL statement to executue.</param>
            <returns>The boolean result of running the SQL statement.</returns>
        </member>
        <member name="M:Citrix.DWM.Framework.DBAccess.ExecuteScalarBool(System.String,Citrix.DWM.Framework.StoredProcParamCollection)">
            <summary>
            Execute the specified SQL statement and return a boolean value.
            </summary>
            <param name="sqlStatement">SQL statement to executue.</param>
            <param name="parms">Parameters for the SQL statement.</param>
            <returns>The boolean result of running the SQL statement.</returns>
        </member>
        <member name="M:Citrix.DWM.Framework.DBAccess.ExecuteScalar``1(System.String)">
            <summary>
            Execute the specified SQL statement and return a value of type T.
            </summary>
            <param name="sqlStatement">SQL statement to executue.</param>
            <returns>The type T result of running the SQL statement.</returns>
        </member>
        <member name="M:Citrix.DWM.Framework.DBAccess.ExecuteScalar``1(System.String,Citrix.DWM.Framework.StoredProcParamCollection)">
            <summary>
            Execute the specified SQL statement and return a value of type T.
            </summary>
            <param name="sqlStatement">SQL statement to executue.</param>
            <param name="parms">Parameters for the SQL statement.</param>
            <returns>The type T result of running the SQL statement.</returns>
        </member>
        <member name="M:Citrix.DWM.Framework.DBAccess.ExecuteScalarString(System.String)">
            <summary>
            Execute the specified SQL statement and return a string value.
            </summary>
            <param name="sqlStatement">SQL statement to executue.</param>
            <returns>The string result of running the SQL statement.</returns>
        </member>
        <member name="M:Citrix.DWM.Framework.DBAccess.ExecuteScalarString(System.String,Citrix.DWM.Framework.StoredProcParamCollection)">
            <summary>
            Execute the specified SQL statement and return a string value.
            </summary>
            <param name="sqlStatement">SQL statement to executue.</param>
            <param name="parms">Parameters for the SQL statement.</param>
            <returns>The string result of running the SQL statement.</returns>
        </member>
        <member name="M:Citrix.DWM.Framework.DBAccess.ExecuteScalarDateTime(System.String)">
            <summary>
            Execute the specified SQL statement and return a DateTime value.
            </summary>
            <param name="sqlStatement">SQL statement to executue.</param>
            <returns>The DateTime result of running the SQL statement.</returns>
        </member>
        <member name="M:Citrix.DWM.Framework.DBAccess.ExecuteScalarDateTime(System.String,Citrix.DWM.Framework.StoredProcParamCollection)">
            <summary>
            Execute the specified SQL statement and return a DateTime value.
            </summary>
            <param name="sqlStatement">SQL statement to executue.</param>
            <param name="parms">Parameters for the SQL statement.</param>
            <returns>The DateTime result of running the SQL statement.</returns>
        </member>
        <member name="M:Citrix.DWM.Framework.DBAccess.ExecuteScalar(System.String,Citrix.DWM.Framework.StoredProcParamCollection)">
            <summary>
            Execute the specified SQL statement and return the first column
            of the first row of the result set.
            </summary>
            <param name="sqlStatement">SQL statement to executue.</param>
            <param name="parms">The parameters for the SQL statement.</param>
            <returns>
            The first column of first row from running the SQL statement.
            </returns>
        </member>
        <member name="M:Citrix.DWM.Framework.DBAccess.RetryExecute(Npgsql.NpgsqlCommand,Citrix.DWM.Framework.DBAccess.ExecuteType,Npgsql.NpgsqlException)">
            <summary>
            Retry command on the database in the case of Timeouts, Deadlock,
            CannotGetLock, and DistributedTransaction cancelled exceptions.
            </summary>
            <param name="cmd">Command object to re-issue.</param>
            <param name="executeType">The type of SQL command that should be
            retried.</param>
            <param name="sqlEx">Origonal exception</param>
            <returns>
            If executeType is ExecuteType.ExecuteReader a NpgNpgsqlDataReader instance
            that is filled by executing the specified command object.  If
            executeType is ExecuteType.ExecuteScaler the first column of the
            first row from executing the specified command object.  If executeType
            is ExecuteType.ExecuteNonQuery, the number of rows affected by
            executing the specified command object.
            </returns>
        </member>
        <member name="M:Citrix.DWM.Framework.DBAccess.RetryExecute(Npgsql.NpgsqlDataAdapter,System.Data.DataSet@,Npgsql.NpgsqlException)">
            <summary>
            Retry command on the database in the case of Timeouts, Deadlock,
            CannotGetLock, and DistributedTransaction cancelled exceptions.
            </summary>
            <param name="adapter">Data adapter with command object to
            re-issue.</param>
            <param name="ds">DataSet that will be fill by the adapter.</param>
            <param name="sqlEx">Origonal exception</param>
        </member>
        <member name="M:Citrix.DWM.Framework.DBAccess.RollbackTransaction">
            <summary>
            Roll back the specified transaction.
            </summary>
        </member>
        <member name="M:Citrix.DWM.Framework.DBAccess.Finalize">
            <summary>
            Release resouces used by this instance.
            </summary>
        </member>
        <member name="M:Citrix.DWM.Framework.DBAccess.Dispose">
            <summary>
            Release resouces used by this instance.
            </summary>
        </member>
        <member name="M:Citrix.DWM.Framework.DBAccess.Dispose(System.Boolean)">
            <summary>
            Release resouces used by this instance.
            </summary>
            <param name="disposing">Flag to indicate if the method is being
            called from the public Dispose method (true) or the Finalizer
            (false).</param>
        </member>
        <member name="M:Citrix.DWM.Framework.DBAccess.AddParameters(Npgsql.NpgsqlCommand,Citrix.DWM.Framework.StoredProcParamCollection)">
            <summary>
            Add the specifed parameters to the specified command instance.
            </summary>
            <param name="cmd">Command instance to which parametes will
            be added.</param>
            <param name="parms">Parameters to add to the commend.</param>
        </member>
        <member name="M:Citrix.DWM.Framework.DBAccess.GetSqlType(System.Type)">
            <summary>
            Take an object's type and return the proper SqlDbType
            </summary>
            <param name="type">The .NET type for which the coresponding SQL
            type will be returned.</param>
            <returns>
            SqlDbType type that maps to the specified .NET type.
            </returns>
        </member>
        <member name="M:Citrix.DWM.Framework.DBAccess.GetCurrentUserName">
            <summary>
            Retrieve the name of the principal associated with the
            current thread.
            </summary>
            <returns>
            The name of the principal associated with the current thread
            if present; string.empty otherwise.</returns>
        </member>
        <member name="M:Citrix.DWM.Framework.DBAccess.GetString(System.Data.IDataRecord,System.Int32)">
            <summary>
            Retrieve a non-null string value from the DataReader.
            </summary>
            <param name="reader">DataReader instances from which the string
            will be retrieved.</param>
            <param name="index">Index of the DataReader column from which the
            string will be retrieved.</param>
            <returns>
            The string value of the specified DataReader column.  If the column
            does not exist or the value is null, string.empty will be returned.
            </returns>
        </member>
        <member name="M:Citrix.DWM.Framework.DBAccess.GetString(System.Data.IDataRecord,System.Int32,System.String)">
            <summary>
            Retrieve a non-null string value from the DataReader.
            </summary>
            <param name="reader">DataReader instances from which the string
            will be retrieved.</param>
            <param name="index">Index of the DataReader column from which the
            string will be retrieved.</param>
            <param name="defaultVal">Value to return if the specified column
            is null.</param>
            <returns>
            The string value of the specified DataReader column.  If the column
            does not exist or the value is null, defaultVal will be returned.
            </returns>
        </member>
        <member name="M:Citrix.DWM.Framework.DBAccess.GetString(System.Data.IDataRecord,System.String)">
            <summary>
            Retrieve a non-null string value from the DataReader.
            </summary>
            <param name="reader">DataReader instances from which the string
            will be retrieved.</param>
            <param name="col">Name of the DataReader column from which the
            string will be retrieved.</param>
            <returns>
            The string value of the specified DataReader column.  If the column
            does not exist or the value is null, null will be returned.
            </returns>
        </member>
        <member name="M:Citrix.DWM.Framework.DBAccess.GetString(System.Data.IDataRecord,System.String,System.String)">
            <summary>
            Retrieve a non-null string value from the DataReader.
            </summary>
            <param name="reader">DataReader instances from which the string
            will be retrieved.</param>
            <param name="col">Name of the DataReader column from which the
            string will be retrieved.</param>
            <param name="defaultVal">Value to return if the specified column
            is null.</param>
            <returns>
            The string value of the specified DataReader column.  If the column
            does not exist or the value is null, defaultVal will be returned.
            </returns>
        </member>
        <member name="M:Citrix.DWM.Framework.DBAccess.GetInt(System.Data.IDataRecord,System.Int32)">
            <summary>
            Retrieve an integer value from the DataReader.
            </summary>
            <param name="reader">DataReader instances from which the integer
            will be retrieved.</param>
            <param name="index">Index of the DataReader column from which the
            integer will be retrieved.</param>
            <returns>
            The integer value of the specified DataReader column.  If the column
            does not exist or the value is null, -1 will be returned.
            </returns>
        </member>
        <member name="M:Citrix.DWM.Framework.DBAccess.GetInt(System.Data.IDataRecord,System.Int32,System.Int32)">
            <summary>
            Retrieve an integer value from the DataReader.
            </summary>
            <param name="reader">DataReader instances from which the integer
            will be retrieved.</param>
            <param name="index">Index of the DataReader column from which the
            integer will be retrieved.</param>
            <param name="defaultVal">Value to return if the specified column
            is null.</param>
            <returns>
            The integer value of the specified DataReader column.  If the column
            does not exist or the value is null, defaultVal will be returned.
            </returns>
        </member>
        <member name="M:Citrix.DWM.Framework.DBAccess.GetInt(System.Data.IDataRecord,System.String)">
            <summary>
            Retrieve an integer value from the DataReader.
            </summary>
            <param name="reader">DataReader instances from which the integer
            will be retrieved.</param>
            <param name="col">Name of the DataReader column from which the
            integer will be retrieved.</param>
            <returns>
            The integer value of the specified DataReader column.  If the column
            does not exist or the value is null, zero will be returned.
            </returns>
        </member>
        <member name="M:Citrix.DWM.Framework.DBAccess.GetInt(System.Data.IDataRecord,System.String,System.Int32)">
            <summary>
            Retrieve an integer value from the DataReader.
            </summary>
            <param name="reader">DataReader instances from which the integer
            will be retrieved.</param>
            <param name="col">Name of the DataReader column from which the
            integer will be retrieved.</param>
            <param name="defaultVal">Value to return if the specified column
            is null.</param>
            <returns>
            The integer value of the specified DataReader column.  If the column
            does not exist or the value is null, defaultVal will be returned.
            </returns>
        </member>
        <member name="M:Citrix.DWM.Framework.DBAccess.GetInt64(System.Data.IDataRecord,System.Int32)">
            <summary>
            Retrieve a 64 bit integer value from the DataReader.
            </summary>
            <param name="reader">DataReader instances from which the integer
            will be retrieved.</param>
            <param name="index">Index of the DataReader column from which the
            integer will be retrieved.</param>
            <returns>
            The 64 bit integer value of the specified DataReader column.  If the
            column does not exist or the value is null, -1 will be returned.
            </returns>
        </member>
        <member name="M:Citrix.DWM.Framework.DBAccess.GetInt64(System.Data.IDataRecord,System.Int32,System.Int64)">
            <summary>
            Retrieve a 64 bit integer value from the DataReader.
            </summary>
            <param name="reader">DataReader instances from which the integer
            will be retrieved.</param>
            <param name="index">Index of the DataReader column from which the
            integer will be retrieved.</param>
            <param name="defaultVal">Value to return if the specified column
            is null.</param>
            <returns>
            The 64 bit integer value of the specified DataReader column.  If
            the column does not exist or the value is null, defaultVal will be
            returned.
            </returns>
        </member>
        <member name="M:Citrix.DWM.Framework.DBAccess.GetInt64(System.Data.IDataRecord,System.String)">
            <summary>
            Retrieve a 64 bit integer value from the DataReader.
            </summary>
            <param name="reader">DataReader instances from which the integer
            will be retrieved.</param>
            <param name="col">Name of the DataReader column from which the
            integer will be retrieved.</param>
            <returns>
            The 64 bit integer value of the specified DataReader column.  If
            the column does not exist or the value is null, 0 will be
            returned.
            </returns>
        </member>
        <member name="M:Citrix.DWM.Framework.DBAccess.GetInt64(System.Data.IDataRecord,System.String,System.Int64)">
            <summary>
            Retrieve a 64 bit integer value from the DataReader.
            </summary>
            <param name="reader">DataReader instances from which the integer
            will be retrieved.</param>
            <param name="col">Name of the DataReader column from which the
            integer will be retrieved.</param>
            <param name="defaultVal">Value to return if the specified column
            is null.</param>
            <returns>
            The 64 bit integer value of the specified DataReader column.  If
            the column does not exist or the value is null, defaultVal will be
            returned.
            </returns>
        </member>
        <member name="M:Citrix.DWM.Framework.DBAccess.GetDouble(System.Data.IDataRecord,System.Int32)">
            <summary>
            Retrieve a double value from the DataReader.
            </summary>
            <param name="reader">DataReader instances from which the double
            will be retrieved.</param>
            <param name="index">Index of the DataReader column from which the
            double will be retrieved.</param>
            <returns>
            The double value of the specified DataReader column.  If the
            column does not exist or the value is null, -1.0 will be returned.
            </returns>
        </member>
        <member name="M:Citrix.DWM.Framework.DBAccess.GetDouble(System.Data.IDataRecord,System.Int32,System.Double)">
            <summary>
            Retrieve a double value from the DataReader.
            </summary>
            <param name="reader">DataReader instances from which the double
            will be retrieved.</param>
            <param name="index">Index of the DataReader column from which the
            double will be retrieved.</param>
            <param name="defaultVal">Value to return if the specified column
            is null.</param>
            <returns>
            The double value of the specified DataReader column.  If the
            column does not exist or the value is null, defaultVal will be
            returned.
            </returns>
        </member>
        <member name="M:Citrix.DWM.Framework.DBAccess.GetDouble(System.Data.IDataRecord,System.String)">
            <summary>
            Retrieve a double value from the DataReader.
            </summary>
            <param name="reader">DataReader instances from which the double
            will be retrieved.</param>
            <param name="col">Name of the DataReader column from which the
            double will be retrieved.</param>
            <returns>
            The double value of the specified DataReader column.  If the
            column does not exist or the value is null, 0.0 will be returned.
            </returns>
        </member>
        <member name="M:Citrix.DWM.Framework.DBAccess.GetDouble(System.Data.IDataRecord,System.String,System.Double)">
            <summary>
            Retrieve a double value from the DataReader.
            </summary>
            <param name="reader">DataReader instances from which the double
            will be retrieved.</param>
            <param name="col">Name of the DataReader column from which the
            double will be retrieved.</param>
            <param name="defaultVal">Value to return if the specified column
            is null.</param>
            <returns>
            The double value of the specified DataReader column.  If the
            column does not exist or the value is null, defaultVal will be
            returned.
            </returns>
        </member>
        <member name="M:Citrix.DWM.Framework.DBAccess.GetDateTime(System.Data.IDataRecord,System.Int32)">
            <summary>
            Retrieve an DateTime value from the DataReader.
            </summary>
            <param name="reader">DataReader instances from which the
            DateTime will be retrieved.</param>
            <param name="index">Index of the DataReader column from which the
            DateTime will be retrieved.</param>
            <returns>
            The DateTime value of the specified DataReader column.  If the
            column does not exist or the value is null, DateTime.MinValue will
            be returned.
            </returns>
        </member>
        <member name="M:Citrix.DWM.Framework.DBAccess.GetDateTime(System.Data.IDataRecord,System.Int32,System.DateTime)">
            <summary>
            Retrieve an DateTime value from the DataReader.
            </summary>
            <param name="reader">DataReader instances from which the
            DateTime will be retrieved.</param>
            <param name="index">Index of the DataReader column from which the
            DateTime will be retrieved.</param>
            <param name="defaultVal">Value to return if the specified column
            is null.</param>
            <returns>
            The DateTime value of the specified DataReader column.  If the
            column does not exist or the value is null, defaultVal will be
            returned.
            </returns>
        </member>
        <member name="M:Citrix.DWM.Framework.DBAccess.GetDateTime(System.Data.IDataRecord,System.String)">
            <summary>
            Retrieve an DateTime value from the DataReader.
            </summary>
            <param name="reader">DataReader instances from which the
            DateTime will be retrieved.</param>
            <param name="col">Name of the DataReader column from which the
            DateTime will be retrieved.</param>
            <returns>
            The DateTime value of the specified DataReader column.  If the
            column does not exist or the value is null, DateTime.MinValue will
            be returned.
            </returns>
        </member>
        <member name="M:Citrix.DWM.Framework.DBAccess.GetDateTime(System.Data.IDataRecord,System.String,System.DateTime)">
            <summary>
            Retrieve an DateTime value from the DataReader.
            </summary>
            <param name="reader">DataReader instances from which the
            DateTime will be retrieved.</param>
            <param name="col">Name of the DataReader column from which the
            DateTime will be retrieved.</param>
            <param name="defaultVal">Value to return if the specified column
            is null.</param>
            <returns>
            The DateTime value of the specified DataReader column.  If the
            column does not exist or the value is null, defaultVal will be
            returned.
            </returns>
        </member>
        <member name="M:Citrix.DWM.Framework.DBAccess.GetBool(System.Data.IDataRecord,System.Int32)">
            <summary>
            Retrieve a boolean value from the DataReader.
            </summary>
            <param name="reader">DataReader instances from which the
            boolean value will be retrieved.</param>
            <param name="index">Index of the DataReader column from which the
            boolean value will be retrieved.</param>
            <returns>
            The boolean value of the specified DataReader column.  If the
            column does not exist or the value is null, false will be returned.
            </returns>
        </member>
        <member name="M:Citrix.DWM.Framework.DBAccess.GetBool(System.Data.IDataRecord,System.Int32,System.Boolean)">
            <summary>
            Retrieve a boolean value from the DataReader.
            </summary>
            <param name="reader">DataReader instances from which the
            boolean value will be retrieved.</param>
            <param name="index">Index of the DataReader column from which the
            boolean value will be retrieved.</param>
            <param name="defaultVal">Value to return if the specified column
            is null.</param>
            <returns>
            The boolean value of the specified DataReader column.  If the
            column does not exist or the value is null, defaultVal will be
            returned.
            </returns>
        </member>
        <member name="M:Citrix.DWM.Framework.DBAccess.GetBool(System.Data.IDataRecord,System.String)">
            <summary>
            Retrieve a boolean value from the DataReader.
            </summary>
            <param name="reader">DataReader instances from which the
            boolean value will be retrieved.</param>
            <param name="col">Name of the DataReader column from which the
            boolean value will be retrieved.</param>
            <returns>
            The boolean value of the specified DataReader column.  If the
            column does not exist or the value is null, false will be
            returned.
            </returns>
        </member>
        <member name="M:Citrix.DWM.Framework.DBAccess.GetBool(System.Data.IDataRecord,System.String,System.Boolean)">
            <summary>
            Retrieve a boolean value from the DataReader.
            </summary>
            <param name="reader">DataReader instances from which the
            boolean value will be retrieved.</param>
            <param name="col">Name of the DataReader column from which the
            boolean value will be retrieved.</param>
            <param name="defaultVal">Value to return if the specified column
            is null.</param>
            <returns>
            The boolean value of the specified DataReader column.  If the
            column does not exist or the value is null, defaultVal will be
            returned.
            </returns>
        </member>
        <member name="M:Citrix.DWM.Framework.DBAccess.SetWorkMemoryMB(System.Int32)">
            <summary>
            Sets the working memory for this connection.
            When you use a connection pool, same connections are rotated for different operations.
            And as work_mem is connection specific, the connection with this work_mem will be used later.
            So if you want to avoid that, make sure you call <see cref="M:Citrix.DWM.Framework.DBAccess.ResetWorkMemory" /> after you have completed the current operation.
            </summary>
            <param name="workMem">work_mem size in MB.
            </param>
        </member>
        <member name="M:Citrix.DWM.Framework.DBAccess.ResetWorkMemory">
            <summary>
            Resets the working memory to default size (default 1MB)
            </summary>
        </member>
        <member name="M:Citrix.DWM.Framework.DBAccess.PlaceAdvisoryLock(System.Int64,Citrix.DWM.Framework.DBAccess.LockMode)">
            <summary>
            Tries to place a PostgreSQL advisory lock on a resource and returns immediately.
            </summary>
            <param name="resourceId">Identifier of the resource to apply lock on.</param>
            <param name="lockMode">
                <see cref="T:Citrix.DWM.Framework.DBAccess.LockMode" /> of the lock to to placed.</param>
            <returns>True if lock is acquired. False if lock cannot be acquired.</returns>
        </member>
        <member name="M:Citrix.DWM.Framework.DBAccess.RemoveAdvisoryLock(System.Int64,Citrix.DWM.Framework.DBAccess.LockMode)">
            <summary>
            Removes the previously acquired PostgreSQL advisory lock.
            </summary>
            <param name="resourceId">Identifier of the resource to remove the lock from.</param>
            <param name="lockMode">
                <see cref="T:Citrix.DWM.Framework.DBAccess.LockMode" /> of the lock to to removed.</param>
            <returns>True if the lock is successfully released. If the lock was not held, returns False.</returns>
        </member>
        <member name="M:Citrix.DWM.Framework.DBAccess.RemoveAllAdvisoryLocks">
            <summary>
            Removes all the previously acquired PostgreSQL advisory locks (Shared and Exclusive).
            </summary>
        </member>
        <member name="M:Citrix.DWM.Framework.DBAccess2.#ctor">
            <summary>
            Initializes Database connection class, opens the connection and initializes database command with that connection.
            Transaction is not used.
            </summary>
        </member>
        <member name="P:Citrix.DWM.Framework.DBAccess2.CommandTimeout">
            <summary>
            Gets or sets the database command timeout.
            </summary>
        </member>
        <member name="P:Citrix.DWM.Framework.DBAccess2.ConnectionString">
            <summary>
            Gets the database connection string.
            </summary>
        </member>
        <member name="M:Citrix.DWM.Framework.DBAccess2.ExecuteSql(System.String)">
            <summary>
            Executes a SQL statement against the connection and returns the number of rows affected.
            </summary>
            <param name="sql">SQL statement to execute.</param>
            <returns>Number of rows affected.</returns>
        </member>
        <member name="M:Citrix.DWM.Framework.DBAccess2.ExecuteScalar``1(System.String)">
            <summary>
            Execute the specified SQL statement and return a value of type T.
            </summary>
            <param name="sqlStatement">SQL statement to executue.</param>
            <returns>The type T result of running the SQL statement.</returns>
        </member>
        <member name="M:Citrix.DWM.Framework.DBAccess2.ExecuteScalar``1(System.String,Citrix.DWM.Framework.StoredProcParamCollection)">
            <summary>
            Execute the specified SQL statement and return a value of type T.
            </summary>
            <param name="sqlStatement">SQL statement to executue.</param>
            <param name="parms">Parameters for the SQL statement.</param>
            <returns>The type T result of running the SQL statement.</returns>
        </member>
        <member name="M:Citrix.DWM.Framework.DBAccess2.GetNpgsqlParameter(Citrix.DWM.Framework.StoredProcParam)">
            <summary>
            Get the NpgsqlParameter for specified StoredProcParam
            </summary>
            <param name="parms">Parameter to convert to NpgsqlParameter.</param>
        </member>
        <member name="M:Citrix.DWM.Framework.DBAccess2.GetSqlType(System.Type)">
            <summary>
            Take an object's type and return the proper SqlDbType
            </summary>
            <param name="type">The .NET type for which the coresponding SQL
            type will be returned.</param>
            <returns>
            SqlDbType type that maps to the specified .NET type.
            </returns>
        </member>
        <member name="M:Citrix.DWM.Framework.DBAccess2.Dispose">
            <summary>
            Closes the connection and disposes the command instance.
            </summary>
        </member>
        <member name="T:Citrix.DWM.Framework.DwmErrorCode">
            <summary>
            Error codes specific to DWM.
            </summary>
        </member>
        <member name="F:Citrix.DWM.Framework.DwmErrorCode.None">
            <summary>
            No error has occurred.
            </summary>
        </member>
        <member name="F:Citrix.DWM.Framework.DwmErrorCode.AccessDenied">
            <summary>
            The caller is not authorized.
            </summary>
        </member>
        <member name="F:Citrix.DWM.Framework.DwmErrorCode.RBACPermissionDenied">
            <summary>
            Cannot execute Xen command, WLB doesn't have sufficient permission.
            </summary>
        </member>
        <member name="F:Citrix.DWM.Framework.DwmErrorCode.Unknown">
            <summary>
            A generic error has occurred.
            </summary>
        </member>
        <member name="F:Citrix.DWM.Framework.DwmErrorCode.CannotInitWmi">
            <summary>
            The HyperV data collector could not initialize a ManagementScope
            instance.
            </summary>
        </member>
        <member name="F:Citrix.DWM.Framework.DwmErrorCode.XenCannotLogIn">
            <summary>
            Could not log in to a Xen hypervisor.  The most likely issue is
            invalid credentials.
            </summary>
        </member>
        <member name="F:Citrix.DWM.Framework.DwmErrorCode.XenCannotConnect">
            <summary>
            Cannot connect to a Xen hypervisor.  The most likely causes include
            the machine being offline or an incorrect TCP/IP address.
            </summary>
        </member>
        <member name="F:Citrix.DWM.Framework.DwmErrorCode.NullReference">
            <summary>
            A null reference was passed as a parameter where is null is
            not allowed.
            </summary>
        </member>
        <member name="F:Citrix.DWM.Framework.DwmErrorCode.RegistryKeyMissing">
            <summary>
            The default Kirkwood registry key, "Software\Citrix\Workload Management"
            is not present.
            </summary>
        </member>
        <member name="F:Citrix.DWM.Framework.DwmErrorCode.NotImplemented">
            <summary>
            A method or property is not implement.
            </summary>
        </member>
        <member name="F:Citrix.DWM.Framework.DwmErrorCode.InvalidParameter">
            <summary>
            A method parameter is not valid.
            </summary>
        </member>
        <member name="F:Citrix.DWM.Framework.DwmErrorCode.HyperVWmi">
            <summary>
            The Hyper-V data colllector could not retrieve WMI data.
            </summary>
        </member>
        <member name="F:Citrix.DWM.Framework.DwmErrorCode.NotConfigured">
            <summary>
            Configuration data is not present in the DWM database.
            </summary>
        </member>
        <member name="F:Citrix.DWM.Framework.DwmErrorCode.InvalidOperation">
            <summary>
            An invalid operation was attempted (such as trying to save a class
            instance that is read-only).
            </summary>
        </member>
        <member name="F:Citrix.DWM.Framework.DwmErrorCode.ArgumentOutOfRange">
            <summary>
            An argument was not in a valid range.
            </summary>
        </member>
        <member name="F:Citrix.DWM.Framework.DwmErrorCode.NotInitialized">
            <summary>
            A data collector was not properly initialized prior to calling
            a data collection method.
            </summary>
        </member>
        <member name="F:Citrix.DWM.Framework.DwmErrorCode.CannotGetCollector">
            <summary>
            Cannot create a data collector instance to migrate or start VMs.
            </summary>
        </member>
        <member name="F:Citrix.DWM.Framework.DwmErrorCode.GenericException">
            <summary>
            A component used by Kirkwood has thrown an exception.
            </summary>
        </member>
        <member name="F:Citrix.DWM.Framework.DwmErrorCode.UnknownPool">
            <summary>
            A request has been issued for a pool that is not known to the system.
            </summary>
        </member>
        <member name="F:Citrix.DWM.Framework.DwmErrorCode.NoMetrics">
            <summary>
            There are no current metrics needed to satisify a placement or
            optimization request.
            </summary>
        </member>
        <member name="F:Citrix.DWM.Framework.DwmErrorCode.NoStorageRepositories">
            <summary>
            Could not place a VM because no host have the required storage
            repositories.
            </summary>
        </member>
        <member name="F:Citrix.DWM.Framework.DwmErrorCode.NoFreeCpus">
            <summary>
            Could not place a VM because no host have the required number
            of free CPUs.
            </summary>
        </member>
        <member name="F:Citrix.DWM.Framework.DwmErrorCode.NoFreeMemory">
            <summary>
            Could not place a VM because no host have the required free
            memory or we don't have memory metrics.
            </summary>
        </member>
        <member name="F:Citrix.DWM.Framework.DwmErrorCode.NotLicensed">
            <summary>
            One or more hosts in the hypervisor pool does not have the
            appropriate license.
            </summary>
        </member>
        <member name="F:Citrix.DWM.Framework.DwmErrorCode.AuthenicationFailure">
            <summary>
            Could not start a hypervisor session because the supplied
            credential are invalid.
            </summary>
        </member>
        <member name="F:Citrix.DWM.Framework.DwmErrorCode.HostExcluded">
            <summary>
            Unable to evacuate a host because it is explicitly excluded
            </summary>
        </member>
        <member name="F:Citrix.DWM.Framework.DwmErrorCode.HostNotFound">
            <summary>
            Unable to find the referenced host in the database
            </summary>
        </member>
        <member name="T:Citrix.DWM.Framework.DwmException">
            <summary>
            Exception class specific to DWM.
            </summary>
        </member>
        <member name="M:Citrix.DWM.Framework.DwmException.#ctor(System.String,Citrix.DWM.Framework.DwmErrorCode,System.Exception)">
            <summary>
            Initialize a new instance of the DwmException class specifying the
            error message, error code and the inner exception.
            </summary>
            <param name="message">The error message that explains the reason
            for the exception.</param>
            <param name="errorCode">The error code associated with the
            exception.</param>
            <param name="innerException">The exception that is the cause of the
            current exception, or a null reference if no inner exception is
            specified</param>
        </member>
        <member name="M:Citrix.DWM.Framework.DwmException.#ctor">
            <summary>
            Initialize a new instance of the DwmException class.
            </summary>
        </member>
        <member name="M:Citrix.DWM.Framework.DwmException.#ctor(System.String)">
            <summary>
            Initialize a new instance of the DwmException class specifying the
            error message.
            </summary>
            <param name="message">The error message that explains the reason
            for the exception.</param>
        </member>
        <member name="M:Citrix.DWM.Framework.DwmException.#ctor(System.String,System.Exception)">
            <summary>
            Initialize a new instance of the DwmException class specifying the
            error message, error code and the inner exception.
            </summary>
            <param name="message">The error message that explains the reason
            for the exception.</param>
            <param name="innerException">The exception that is the cause of the
            current exception, or a null reference if no inner exception is
            specified</param>
        </member>
        <member name="M:Citrix.DWM.Framework.DwmException.#ctor(System.Runtime.Serialization.SerializationInfo,System.Runtime.Serialization.StreamingContext)">
            <summary>
            Initializes a new instance of the DwmException class with
            serialized data.
            </summary>
            <param name="info">The SerializationInfo that holds the serialized
            object data about the exception being thrown.</param>
            <param name="context">The StreamingContext that contains contextual
            information about the source or destination.</param>
        </member>
        <member name="P:Citrix.DWM.Framework.DwmException.Number">
            <summary>
            Get or ser the error code assiated with the exception.
            </summary>
        </member>
        <member name="T:Citrix.DWM.Framework.DwmNpgsqlException">
            <summary>
            Custom Exception container for handling SQL exceptions without the need
            for references to Npgsql throughout the product.  Shares the inheritance model
            of NpgsqlException.
            </summary>
        </member>
        <member name="M:Citrix.DWM.Framework.DwmNpgsqlException.#ctor">
            <summary>
            Base contructor
            </summary>
        </member>
        <member name="M:Citrix.DWM.Framework.DwmNpgsqlException.#ctor(System.String,System.Exception)">
            <summary>
            Explicit constructor
            </summary>
            <param name="message">Exception message test</param>
            <param name="innerException">Inner Exception of the DwmSqlExpection, if any</param>
        </member>
        <member name="T:Citrix.DWM.Framework.DwmNpgsqlException.PgSeverity">
            <summary>
            Enumeration of Severities returned by PostgreSQL
            Values come from here: http://www.postgresql.org/docs/9.1/static/runtime-config-logging.html
            </summary>
        </member>
        <member name="F:Citrix.DWM.Framework.DwmNpgsqlException._severity">
            <summary>
            Holds the severity value of the exception
            </summary>
        </member>
        <member name="P:Citrix.DWM.Framework.DwmNpgsqlException.Severity">
            <summary>
            Public accessor for the Exception severity
            </summary>
        </member>
        <member name="M:Citrix.DWM.Framework.DwmNpgsqlException.GetDbExceptionSeverity(Npgsql.NpgsqlException)">
            <summary>
            Convert the text-based severity returned from an NpgsqlExcception into the DwmSqlException equiv. enumeration
            </summary>
            <param name="ex">NpgsqlException to examin</param>
            <returns>DwmSqlException.PgSeverity enumeration</returns>
        </member>
        <member name="T:Citrix.DWM.Framework.Localization">
            <summary>
            Contains static methods that implement correctly localized string
            methods.
            </summary>
        </member>
        <member name="M:Citrix.DWM.Framework.Localization.#ctor">
            <summary>
            Initialize a new instance of the Localization class.
            </summary>
            <remarks>
            Private ctor so that instances of Localization cannot be created.
            </remarks>
        </member>
        <member name="M:Citrix.DWM.Framework.Localization.Compare(System.String,System.String,System.Boolean)">
            <summary>
            Compares two specified String objects, ignoring or honoring their
            case, and using culture-specific information to influence the
            comparison.
            </summary>
            <param name="s1">The first string object</param>
            <param name="s2">The second string object</param>
            <param name="ignoreCase">Flag indicating a case-sensitive or
            insensitive comparison. (true indicates a case-insensitive
            comparison.)</param>
            <returns>
            A 32-bit signed integer indicating the lexical relationship
            between the two comparands.
            Less than zero    - s1 is less than s2
            Zero              - s1 equals s2
            Greater than zero - s1 is greater than s2
            </returns>
        </member>
        <member name="M:Citrix.DWM.Framework.Localization.Format(System.String,System.Object[])">
            <summary>
            Replaces the format item in a specified String with the text
            equivalent of the value of a corresponding Object instance in a
            specified array. Culture-specific formatting information is
            applied.
            </summary>
            <param name="fmt">A String containing zero or more format
            items.</param>
            <param name="args">An Object array containing zero or more objects
            to format.</param>
            <returns>
            A copy of format in which the format items have been replaced by
            the string equivalent of the corresponding instances of Object in
            args.
            </returns>
        </member>
        <member name="M:Citrix.DWM.Framework.Localization.Format(System.String,System.Object)">
            <summary>
            Replaces the format item in a specified String with the text
            equivalent of the value of a corresponding Object instance.
            Culture-specific formatting information is applied.
            </summary>
            <param name="fmt">A String containing zero or more format
            items.</param>
            <param name="arg0">An Object to format.</param>
            <returns>
            A copy of format in which the first format item has been replaced
            by the String equivalent of arg0.
            </returns>
        </member>
        <member name="M:Citrix.DWM.Framework.Localization.Format(System.String,System.Object,System.Object)">
            <summary>
            Replaces the format item in a specified String with the text
            equivalent of the value of two specified Object instances.
            </summary>
            <param name="fmt">A String containing zero or more format
            items.</param>
            <param name="arg0">The first Object to format.</param>
            <param name="arg1">The second Object to format.</param>
            <returns>
            A copy of format in which the first and second format items have
            been replaced by the String equivalents of arg0 and arg1.
            </returns>
        </member>
        <member name="M:Citrix.DWM.Framework.Localization.Parse(System.String)">
            <summary>
            Converts the string representation of a number in a specified
            culture-specific format to its 32-bit signed integer equivalent.
            </summary>
            <param name="s">A string containing a number to convert.</param>
            <returns>
            A 32-bit signed integer equivalent to the number contained in s.
            </returns>
        </member>
        <member name="M:Citrix.DWM.Framework.Localization.TryParse(System.String)">
            <summary>
            Converts the string representation of a number to its 32-bit signed
            integer equivalent.
            </summary>
            <param name="s">A string containing a number to convert</param>
            <returns>32-bit signed integer value equivalent to the number
            contained in s, if the conversion succeeded, or zero if the
            conversion failed. The conversion fails if the s parameter is a
            null reference, is not in a format compliant with style, or
            represents a number less than MinValue or greater than MaxValue.
            </returns>
        </member>
        <member name="M:Citrix.DWM.Framework.Localization.ParseExactDateTime(System.String,System.String)">
            <summary>
            Converts the specified string representation of a date and time to its System.DateTime
            equivalent using the specified format, culture-specific format information,
            and style. The format of the string representation must match the specified format exactly.
            </summary>
            <param name="s">A string containing data and time to convert.</param>
            <param name="format">The expected format of s.</param>
            <returns> The DateTime value equivalent to the date and time contained in s,
            if the conversion succeeded, or MinValue if the conversion failed.
            The conversion fails if either the s or format parameter is null, is an empty string, or does not contain
            a date and time that correspond to the pattern specified in format. This parameter is passed uninitialized.
            </returns>
        </member>
        <member name="M:Citrix.DWM.Framework.Localization.ParseDateTime(System.String)">
            <summary>
            Converts the string representation of a date and time to UTC DataTime equivalent
            </summary>
            <param name="s">A string containing data and time to convert</param>
            <returns> The DateTime value equivalent to the date and time contained in s,
            if the conversion succeeded, or MinValue if the conversion failed.
            </returns>
        </member>
        <member name="M:Citrix.DWM.Framework.Localization.StringEndsWith(System.String,System.String,System.Boolean)">
            <summary>
            Determines whether the end of this string matches the specified string when
            compared using the specified culture.
            </summary>
            <param name="s1">The first string object</param>
            <param name="s2">The second string object</param>
            <param name="ignoreCase">Flag indicating a case-sensitive or
            insensitive comparison. (true indicates a case-insensitive
            comparison.)</param>
            <returns>True if the value parameter matches the end of this string;
            otherwise, false.</returns>
        </member>
        <member name="M:Citrix.DWM.Framework.Localization.StringStartsWith(System.String,System.String,System.Boolean)">
            <summary>
            Determines whether the beginning of this string matches the specified string
            when compared using the specified culture.
            </summary>
            <param name="s1">The first string object</param>
            <param name="s2">The second string object</param>
            <param name="ignoreCase">Flag indicating a case-sensitive or
            insensitive comparison. (true indicates a case-insensitive
            comparison.)</param>
            <returns>True if the value parameter matches the beginning of this string;
            otherwise, false.</returns>
        </member>
        <member name="M:Citrix.DWM.Framework.Localization.ParseUInt64(System.String)">
            <summary>
            Converts the string representation of a number in a specified
            culture-specific format to its 64-bit unsigned integer equivalent.
            </summary>
            <param name="s">A string containing a number to convert.</param>
            <returns>
            A 64-bit unsigned integer equivalent to the number contained in s.
            </returns>
        </member>
        <member name="M:Citrix.DWM.Framework.Localization.DateTimeToSqlString(System.DateTime)">
            <summary>
            Convert the specified DateTime to a universal sortable date time
            pattern (yyyy-MM-dd'T'HH:mm:ss.fff) - ISO 8601.
            </summary>
            <param name="d">The DateTime instance to convert.</param>
            <returns>String containing the universal date and time.</returns>
        </member>
        <member name="M:Citrix.DWM.Framework.Localization.DateTimeToSqlTimeString(System.DateTime)">
            <summary>
            Convert the specified DateTime to just the time portion for
            date-agnostic SQL Server times.  This prevents SQL Server
            from throwing when trying to interpret the .NET minimum date.
            </summary>
            <param name="d">The DateTime instance to convert.</param>
            <returns>String containing the time portion of the DateTime.</returns>
        </member>
        <member name="M:Citrix.DWM.Framework.Localization.AreListsEqual(System.Collections.Generic.List{System.Int32},System.Collections.Generic.List{System.Int32})">
            <summary>
            Determine if the two list contain the same content in the same order.
            </summary>
            <param name="list1">First list to compare.</param>
            <param name="list2">Second list to compare.</param>
            <returns>
            True if the two lists have the same content in the same order;
            false otherwise.
            </returns>
        </member>
        <member name="M:Citrix.DWM.Framework.Localization.ListToString(System.Collections.Generic.List{System.Int32})">
            <summary>
            Return comma delimited string representation of the specified list.
            </summary>
            <param name="list">List to convert to comma delimited string.</param>
            <returns>
            Comma delimited string representation of the specified list.
            </returns>
        </member>
        <member name="M:Citrix.DWM.Framework.Localization.ToUtf8(System.String)">
            <summary>
            Convert a potentially invalid unicode string to a valid UTF8 string.
            </summary>
            <param name="unicodeString">Unicode string to convert.</param>
            <returns>Valid UTF8 representation of the specified string.</returns>
            <remarks>This method is needed to convert MBCS string to valid
            UTF8 strings after they have been mangled by HTTP basic auth.
            The user name and password are base64 encoded then passed as part
            of the HTTP header.  The WFC plumbing decodes the base64 string
            but can't always deal with MBCS characters.</remarks>
        </member>
        <member name="M:Citrix.DWM.Framework.Localization.GetIntervals(System.DateTime,System.Int32@,System.Int32@,System.Int32@,System.Int32@)">
            <summary>
            Get the interval elements for a time stamp, used for data consolidation
            </summary>
            <param name="time">DateTime timestamp</param>
            <param name="HourInterval">integer Hour of the day, 0-based</param>
            <param name="FiveMinuteInterval">integer 5 Minute Interval of the day, 0-based</param>
            <param name="DayOfYear">integer Day of the year</param>
            <param name="Year">integer Year</param>
        </member>
        <member name="T:Citrix.DWM.Framework.Logger">
            <summary>
            Logger debug output and error messages.
            </summary>
        </member>
        <member name="M:Citrix.DWM.Framework.Logger.#ctor">
            <summary>
            Initialize a new instance of the Logger class.
            </summary>
            <remarks>
            Private ctor so that instances of Logger cannot be created.
            </remarks>
        </member>
        <member name="F:Citrix.DWM.Framework.Logger.EventIdCantWriteLogFile">
            <summary>
            Event log event ID for can't write to log file error.
            </summary>
        </member>
        <member name="F:Citrix.DWM.Framework.Logger.DefaultMaxFileSize">
            <summary>
            Default maximum log file size, in MB
            </summary>
        </member>
        <member name="F:Citrix.DWM.Framework.Logger.DefaultMaxLogFileCount">
            <summary>
            Default maximum number of Log files before rolling over
            </summary>
        </member>
        <member name="P:Citrix.DWM.Framework.Logger.CompanyName">
            <summary>
            Returns the company name
            </summary>
        </member>
        <member name="P:Citrix.DWM.Framework.Logger.ProductName">
            <summary>
            Returns the product name
            </summary>
        </member>
        <member name="P:Citrix.DWM.Framework.Logger.LogFileName">
            <summary>
            Returns the name of the log file without pathing
            </summary>
        </member>
        <member name="P:Citrix.DWM.Framework.Logger.LogFileBackupBase">
            <summary>
            Returns the base name used to generate the log file backups
            </summary>
        </member>
        <member name="P:Citrix.DWM.Framework.Logger.LastBackupLogFileName">
            <summary>
            Returns the full name of last backup file created
            </summary>
        </member>
        <member name="M:Citrix.DWM.Framework.Logger.Trace(System.String)">
            <summary>
            Writes a message followed by a line terminator to the console and
            to trace listeners in the Listeners collection.
            </summary>
            <param name="msg">A message to write.</param>
        </member>
        <member name="M:Citrix.DWM.Framework.Logger.Trace(System.String,System.Object[])">
            <summary>
            Writes the text representation of the specified array of objects,
            followed by the current line terminator, to the console and to
            trace listeners using the specified format information.
            </summary>
            <param name="fmt">The format string.</param>
            <param name="args">An array of objects to write using format.</param>
        </member>
        <member name="M:Citrix.DWM.Framework.Logger.LogError(System.String,System.Object[])">
            <summary>
            Write an error message to error logging facility using the
            specified format information.
            </summary>
            <param name="fmt">The format string.</param>
            <param name="args">An array of objects to write using format.</param>
        </member>
        <member name="M:Citrix.DWM.Framework.Logger.LogWarning(System.String,System.Object[])">
            <summary>
            Write an Warning message to error logging facility using the
            specified format information.
            </summary>
            <param name="fmt">The format string.</param>
            <param name="args">An array of objects to write using format.</param>
        </member>
        <member name="M:Citrix.DWM.Framework.Logger.LogInfo(System.String,System.Object[])">
            <summary>
            Write an Info message to error logging facility using the
            specified format information.
            </summary>
            <param name="fmt">The format string.</param>
            <param name="args">An array of objects to write using format.</param>
        </member>
        <member name="M:Citrix.DWM.Framework.Logger.LogException(System.Exception)">
            <summary>
            Write an exception to the error logging facility.
            </summary>
            <param name="ex">The exception to write.</param>
        </member>
        <member name="M:Citrix.DWM.Framework.Logger.LogException(System.Exception,System.Data.IDbCommand)">
            <summary>
            Write an exception to the error logging facility.
            </summary>
            <param name="ex">The exception to write.</param>
            <param name="cmd">SQL command that caused the exception.</param>
        </member>
        <member name="M:Citrix.DWM.Framework.Logger.LogException(System.Exception,System.Data.IDbCommand,System.String)">
            <summary>
            Write an Exception to the error logging facility.
            </summary>
            <param name="ex">The Exception to write.</param>
            <param name="cmd">SqlCommand that caused the Exception.</param>
            <param name="exceptionMessage">Exception message (translated timeout messages).</param>
        </member>
        <member name="M:Citrix.DWM.Framework.Logger.Log(System.String,System.Object[])">
            <summary>
            Write a message to the log file.
            </summary>
            <param name="fmt">The format string.</param>
            <param name="args">An array of objects to write using format.</param>
        </member>
        <member name="M:Citrix.DWM.Framework.Logger.GetLogDirectory">
            <summary>
            Retrieve the path to the directory where data files can be
            written.  The path does not end with a backslash (\).
            </summary>
            <returns>The path to the directory where data files can be
            written.</returns>
        </member>
        <member name="M:Citrix.DWM.Framework.Logger.GetLogFile">
            <summary>
            Retrieve the fully qualified file name of the log file.
            </summary>
            <returns>The fully qualified file name of the log file.</returns>
            <remarks>If the path to the file name does not exist, this
            method will create it.</remarks>
        </member>
        <member name="M:Citrix.DWM.Framework.Logger.WriteEventLog(System.String)">
            <summary>
            Write a message to the application event log.
            </summary>
            <param name="msg">Message to write.</param>
        </member>
        <member name="M:Citrix.DWM.Framework.Logger.CombinePaths(System.String[])">
            <summary>
            Combines multiple paths to a single path.
            </summary>
            <param name="paths">Paths to be combined.</param>
            <returns>
            </returns>
        </member>
        <member name="T:Citrix.DWM.Framework.Messages">
            <summary>
            A strongly-typed resource class, for looking up localized strings, etc.
            </summary>
        </member>
        <member name="P:Citrix.DWM.Framework.Messages.ResourceManager">
            <summary>
            Returns the cached ResourceManager instance used by this class.
            </summary>
        </member>
        <member name="P:Citrix.DWM.Framework.Messages.Culture">
            <summary>
            Overrides the current thread's CurrentUICulture property for all
            resource lookups using this strongly typed resource class.
            </summary>
        </member>
        <member name="P:Citrix.DWM.Framework.Messages.WLB_ERROR_4000">
            <summary>
            Looks up a localized string similar to WLB unknown error..
            </summary>
        </member>
        <member name="P:Citrix.DWM.Framework.Messages.WLB_ERROR_4001">
            <summary>
            Looks up a localized string similar to An error occurd when WLB  establish a session with XenServer..
            </summary>
        </member>
        <member name="P:Citrix.DWM.Framework.Messages.WLB_ERROR_4002">
            <summary>
            Looks up a localized string similar to WLB could not log into XenServer. It could be due to invalid credentials..
            </summary>
        </member>
        <member name="P:Citrix.DWM.Framework.Messages.WLB_ERROR_4003">
            <summary>
            Looks up a localized string similar to WLB cannot connect to XenServer. It could be the XenServer being offline or an incorrect TCP/IP address..
            </summary>
        </member>
        <member name="P:Citrix.DWM.Framework.Messages.WLB_ERROR_4004">
            <summary>
            Looks up a localized string similar to WLB received a null argument from XenServer, which is not allowed..
            </summary>
        </member>
        <member name="P:Citrix.DWM.Framework.Messages.WLB_ERROR_4005">
            <summary>
            Looks up a localized string similar to WLB registry key is missing..
            </summary>
        </member>
        <member name="P:Citrix.DWM.Framework.Messages.WLB_ERROR_4007">
            <summary>
            Looks up a localized string similar to WLB received an invalid argument from XenServer..
            </summary>
        </member>
        <member name="P:Citrix.DWM.Framework.Messages.WLB_ERROR_4008">
            <summary>
            Looks up a localized string similar to WLB data collection service cannot retrieve XenServer data..
            </summary>
        </member>
        <member name="P:Citrix.DWM.Framework.Messages.WLB_ERROR_4009">
            <summary>
            Looks up a localized string similar to WLB configuration data is missing in WLB database..
            </summary>
        </member>
        <member name="P:Citrix.DWM.Framework.Messages.WLB_ERROR_4010">
            <summary>
            Looks up a localized string similar to WLB received an invalid operation from XenServer..
            </summary>
        </member>
        <member name="P:Citrix.DWM.Framework.Messages.WLB_ERROR_4011">
            <summary>
            Looks up a localized string similar to WLB received an out of range argument from XenServer..
            </summary>
        </member>
        <member name="P:Citrix.DWM.Framework.Messages.WLB_ERROR_4012">
            <summary>
            Looks up a localized string similar to WLB data collection service is not properly initialized..
            </summary>
        </member>
        <member name="P:Citrix.DWM.Framework.Messages.WLB_ERROR_4013">
            <summary>
            Looks up a localized string similar to WLB data collection service cannot migrate or start VMs..
            </summary>
        </member>
        <member name="P:Citrix.DWM.Framework.Messages.WLB_ERROR_4014">
            <summary>
            Looks up a localized string similar to WLB received an unknown execption..
            </summary>
        </member>
        <member name="P:Citrix.DWM.Framework.Messages.WLB_ERROR_4015">
            <summary>
            Looks up a localized string similar to WLB does not know this pool..
            </summary>
        </member>
        <member name="P:Citrix.DWM.Framework.Messages.WLB_ERROR_4016">
            <summary>
            Looks up a localized string similar to WLB does not have current metrics..
            </summary>
        </member>
        <member name="P:Citrix.DWM.Framework.Messages.WLB_ERROR_4017">
            <summary>
            Looks up a localized string similar to WLB can't find a host that has required storage repositories to place a VM. .
            </summary>
        </member>
        <member name="P:Citrix.DWM.Framework.Messages.WLB_ERROR_4018">
            <summary>
            Looks up a localized string similar to WLB can't find required free CPUs to place a VM..
            </summary>
        </member>
        <member name="P:Citrix.DWM.Framework.Messages.WLB_ERROR_4019">
            <summary>
            Looks up a localized string similar to WLB can't find required free memory to place a VM..
            </summary>
        </member>
        <member name="P:Citrix.DWM.Framework.Messages.WLB_ERROR_4020">
            <summary>
            Looks up a localized string similar to One or more hosts in the pool do not have an appropriate license..
            </summary>
        </member>
        <member name="P:Citrix.DWM.Framework.Messages.WLB_ERROR_4021">
            <summary>
            Looks up a localized string similar to WLB could not start a XenServer session with supplied invalid credentials..
            </summary>
        </member>
        <member name="P:Citrix.DWM.Framework.Messages.WLB_ERROR_4022">
            <summary>
            Looks up a localized string similar to WLB unable to evacuate an explicitly excluded host..
            </summary>
        </member>
        <member name="P:Citrix.DWM.Framework.Messages.WLB_ERROR_4023">
            <summary>
            Looks up a localized string similar to WLB cannot save your configuration at this time.  Verify all Workload Balancing services are running, and try reentering your configuration in a few minutes..
            </summary>
        </member>
        <member name="T:Citrix.DWM.Framework.QueueManager">
            <summary>
            Manages the queue used by the data collectors and data writers.
            </summary>
        </member>
        <member name="M:Citrix.DWM.Framework.QueueManager.#ctor">
            <summary>
            Initialize a new instance of the QueueManager class.
            </summary>
            <remarks>
            Private ctor so that instances of QueueManager cannot be created.
            </remarks>
        </member>
        <member name="P:Citrix.DWM.Framework.QueueManager.NewDataEvent">
            <summary>
            Get the AutoResetEvent used to signal that new data has been added
            to the queue.
            </summary>
        </member>
        <member name="P:Citrix.DWM.Framework.QueueManager.Count">
            <summary>
            Return the current number of items in the queue
            </summary>
        </member>
        <member name="M:Citrix.DWM.Framework.QueueManager.Enqueue(System.Object)">
            <summary>
            Add an item to the end of the queue.
            </summary>
            <param name="item">Item to add to the queue.</param>
        </member>
        <member name="M:Citrix.DWM.Framework.QueueManager.Dequeue">
            <summary>
            Removed a item from the beginning of the queue.
            </summary>
        </member>
        <member name="M:Citrix.DWM.Framework.QueueManager.Flush">
            <summary>
            Clear all items from the queue
            </summary>
        </member>
        <member name="T:Citrix.DWM.Framework.StoredProcParam">
            <summary>
            Parameter for calling a stored procedure.
            </summary>
        </member>
        <member name="M:Citrix.DWM.Framework.StoredProcParam.#ctor(System.String,System.Object)">
            <summary>
            Initialize a new instance of the StoredProcParam class.
            </summary>
            <param name="name">Name of the parameter.</param>
            <param name="value">Value of the parameter.</param>
        </member>
        <member name="M:Citrix.DWM.Framework.StoredProcParam.#ctor(System.String,System.Object,Citrix.DWM.Framework.StoredProcParam.DataTypes)">
            <summary>
            Initialize a new instance of the StoredProcParam class.
            </summary>
            <param name="name">Name of the parameter.</param>
            <param name="value">Value of the parameter.</param>
            <param name="npgSqlType">NpgSqlType to force</param>
        </member>
        <member name="T:Citrix.DWM.Framework.StoredProcParam.DataTypes">
            <summary>
            Enumeration of valid NpgSql data types, extended to include Unknown.
            </summary>
        </member>
        <member name="P:Citrix.DWM.Framework.StoredProcParam.Name">
            <summary>
            Get or set the name of the parameter.
            </summary>
        </member>
        <member name="P:Citrix.DWM.Framework.StoredProcParam.Value">
            <summary>
            Get or set the value of the parameter.
            </summary>
        </member>
        <member name="P:Citrix.DWM.Framework.StoredProcParam.Type">
            <summary>
            Get or set the NpgSqlDBType of the parameter
            </summary>
        </member>
        <member name="T:Citrix.DWM.Framework.StoredProcParamCollection">
            <summary>
            Collection of parameters for calling a stored procedure.
            </summary>
        </member>
    </members>
</doc>
