<?xml version="1.0"?>
<doc>
    <assembly>
        <name>obj/Release/Citrix.Dwm.DataCollectionMgmt</name>
    </assembly>
    <members>
        <member name="T:Citrix.DWM.Framework.DataCollectionManager">
            <summary>
            Manages or participates in a pool of machines, physical or virtual
            that are collecting DWM metrics.
            </summary>
        </member>
        <member name="M:Citrix.DWM.Framework.DataCollectionManager.#ctor">
            <summary>
            Initialize a new instance of the DataCollectionManager class.
            </summary>
        </member>
        <member name="M:Citrix.DWM.Framework.DataCollectionManager.Start">
            <summary>
            Begin monitoring all the data collectors in the pool.
            </summary>
        </member>
        <member name="M:Citrix.DWM.Framework.DataCollectionManager.Stop">
            <summary>
            Stop monitoring all the data collectors in the pool.
            </summary>
        </member>
        <member name="M:Citrix.DWM.Framework.DataCollectionManager.ThreadProc">
            <summary>
            Thread that does the actual management of the pool.
            </summary>
        </member>
        <member name="M:Citrix.DWM.Framework.DataCollectionManager.OnInterval">
            <summary>
            Process an interval event from the main thread by ...
            </summary>
        </member>
        <member name="M:Citrix.DWM.Framework.DataCollectionManager.ConsolidateToFiveMinuteMetrics">
            <summary>
            Consolidates metrics if the interval since the last consolidation
            is longer than the defined (constant) consolidation interval
            </summary>
        </member>
        <member name="M:Citrix.DWM.Framework.DataCollectionManager.ResesitateDeadCollectors">
            <summary>
            Iterate through the existing data collectors and make sure they are collecting data
            </summary>
        </member>
        <member name="M:Citrix.DWM.Framework.DataCollectionManager.ReleaseUnusedDiskSpace(System.Boolean)">
            <summary>
            Set the collection status to grooming and vacuum the database
            </summary>
        </member>
        <member name="M:Citrix.DWM.Framework.DataCollectionManager.InitializeCollectionManager">
            <summary>
            Initialize the tasks that are undertaken by the data collection
            master.
            </summary>
        </member>
        <member name="M:Citrix.DWM.Framework.DataCollectionManager.ConsolidateMetrics(System.String)">
            <summary>
            Execute the specified SQL statement in order to consolidate
            host or VM metrics.
            </summary>
            <param name="sqlStatement">SQL statement to execute.</param>
        </member>
        <member name="M:Citrix.DWM.Framework.DataCollectionManager.GroomHistoricalRecords">
            <summary>
            Delete historical data from database
            </summary>
        </member>
        <member name="M:Citrix.DWM.Framework.DataCollectionManager.AddNewPools(Citrix.DWM.Domain.DwmPoolCollection)">
            <summary>
            Check to see if new hypervisor pools need to monitored of new
            collection hosts have come on line.  If new resources have been
            added, assign the appropriate work.
            </summary>
        </member>
        <member name="M:Citrix.DWM.Framework.DataCollectionManager.RemoveStalePools(Citrix.DWM.Domain.DwmPoolCollection)">
            <summary>
            Find collectors for pools that are no longer in the database.  Shut down the
            collector for each, then remove the references for each from local tracking
            collection.
            </summary>
            <param name="databasePools">DwmPoolCollection of the pools currently registered
            in the database</param>
        </member>
        <member name="M:Citrix.DWM.Framework.DataCollectionManager.GetMyPools">
            <summary>
            Retrieve the list of Hypervisor pools that this instance will
            monitor.
            </summary>
            <returns>
            DwmPoolCollection instance containing the configuration data for
            the Hypervisor pools that this instance will monitor.
            </returns>
        </member>
        <member name="M:Citrix.DWM.Framework.DataCollectionManager.GetPools(System.Int32[])">
            <summary>
            Retrieve the hypervisor pool configuration data for the specified
            hypervisor pool IDs.
            </summary>
            <param name="poolIDs">The internal, database IDs of the hypervisor
            pools for which the config data will be retrieved.</param>
            <returns>
            DwmPoolCollection instance containing the configuration data for
            the specified hypervisor pool IDs.
            </returns>
        </member>
        <member name="M:Citrix.DWM.Framework.DataCollectionManager.RestartCollector(Citrix.DWM.Collectors.ICollector)">
            <summary>
            Restart the specified data collector.
            </summary>
            <param name="collector">Data collector to restart.</param>
            <returns>The collection state of the data collector.</returns>
            <remarks>This method is called when the data collection manager
            determines that a data collector that should be running is not
            collecting data.</remarks>
        </member>
        <member name="M:Citrix.DWM.Framework.DataCollectionManager.TraceCompaction(System.String,System.Object[])">
            <summary>
            Writes the text representation of the specified array of objects to
            the log file if _traceEnabled is set to true.
            </summary>
            <param name="fmt">The format string.</param>
            <param name="args">Objects to write using format.</param>
        </member>
        <member name="M:Citrix.DWM.Framework.DataCollectionManager.TraceGrooming(System.String,System.Object[])">
            <summary>
            Writes the text representation of the specified array of objects to
            the log file if _traceEnabled is set to true.
            </summary>
            <param name="fmt">The format string.</param>
            <param name="args">Objects to write using format.</param>
        </member>
    </members>
</doc>
