<?xml version="1.0"?>
<doc>
    <assembly>
        <name>obj/Release/Citrix.Dwm.Communication</name>
    </assembly>
    <members>
        <member name="T:Citrix.DWM.Communication.CommunicationBase">
            <summary>
            Base class from which WCF interface implementors are derive.
            </summary>
        </member>
        <member name="M:Citrix.DWM.Communication.CommunicationBase.AuthenticateCaller(System.String,System.String)">
            <summary>
            Authenticate a caller to one of the CollectionCommunication
            methods.
            </summary>
            <returns>
            True if the caller is allowed to call a the CollectionCommunication
            method; false otherwise.</returns>
        </member>
        <member name="M:Citrix.DWM.Communication.CommunicationBase.GetDataCollectors">
            <summary>
            Retrieve the list of data collectors.
            </summary>
            <returns>This of data collectors.</returns>
        </member>
        <member name="M:Citrix.DWM.Communication.CommunicationBase.ReloadDataCollectors">
            <summary>
            Reload the list of data collectors from the DB.
            </summary>
        </member>
        <member name="M:Citrix.DWM.Communication.CommunicationBase.Trace(System.String,System.Object[])">
            <summary>
            Writes the text representation of the specified array of objects to
            the log file if _traceEnabled is set to true.
            </summary>
            <param name="fmt">The format string.</param>
            <param name="args">Objects to write using format.</param>
        </member>
        <member name="T:Citrix.DWM.Communication.ScheduledTriggerType">
            <summary>
            Describes the interval period of a WlbTaskTrigger
            </summary>
        </member>
        <member name="F:Citrix.DWM.Communication.ScheduledTriggerType.Once">
            <summary>
            A single-shot trigger
            </summary>
        </member>
        <member name="F:Citrix.DWM.Communication.ScheduledTriggerType.Daily">
            <summary>
            A trigger that occurs every day at a particular time
            </summary>
        </member>
        <member name="F:Citrix.DWM.Communication.ScheduledTriggerType.Weekly">
            <summary>
            A trigger that occurs every week on a set of days at a particulat time
            </summary>
        </member>
        <member name="T:Citrix.DWM.Communication.ScheduledTriggerDaysOfWeek">
            <summary>
            Describes the days on which a weekly WlbTaskTrigger will execute
            </summary>
        </member>
        <member name="F:Citrix.DWM.Communication.ScheduledTriggerDaysOfWeek.None">
            <summary>
            None
            </summary>
        </member>
        <member name="F:Citrix.DWM.Communication.ScheduledTriggerDaysOfWeek.Sunday">
            <summary>
            Sunday
            </summary>
        </member>
        <member name="F:Citrix.DWM.Communication.ScheduledTriggerDaysOfWeek.Monday">
            <summary>
            Monday
            </summary>
        </member>
        <member name="F:Citrix.DWM.Communication.ScheduledTriggerDaysOfWeek.Tuesday">
            <summary>
            Tuesday
            </summary>
        </member>
        <member name="F:Citrix.DWM.Communication.ScheduledTriggerDaysOfWeek.Wednesday">
            <summary>
            Wednesday
            </summary>
        </member>
        <member name="F:Citrix.DWM.Communication.ScheduledTriggerDaysOfWeek.Thursday">
            <summary>
            Thursday
            </summary>
        </member>
        <member name="F:Citrix.DWM.Communication.ScheduledTriggerDaysOfWeek.Friday">
            <summary>
            Friday
            </summary>
        </member>
        <member name="F:Citrix.DWM.Communication.ScheduledTriggerDaysOfWeek.Saturday">
            <summary>
            Saturday
            </summary>
        </member>
        <member name="F:Citrix.DWM.Communication.ScheduledTriggerDaysOfWeek.Weekends">
            <summary>
            All weekdays
            </summary>
        </member>
        <member name="F:Citrix.DWM.Communication.ScheduledTriggerDaysOfWeek.Weekdays">
            <summary>
            Only weekend days
            </summary>
        </member>
        <member name="F:Citrix.DWM.Communication.ScheduledTriggerDaysOfWeek.All">
            <summary>
            All days
            </summary>
        </member>
        <member name="T:Citrix.DWM.Communication.ScheduledTask">
            <summary>
            Describes a WLB scheduled task.
            </summary>
        </member>
        <member name="F:Citrix.DWM.Communication.ScheduledTask.TaskId">
            <summary>
            Internally assigned Id of the task
            </summary>
        </member>
        <member name="F:Citrix.DWM.Communication.ScheduledTask.TaskName">
            <summary>
            Friendly name of the task
            </summary>
        </member>
        <member name="F:Citrix.DWM.Communication.ScheduledTask.TaskDescription">
            <summary>
            Verbose description of the task
            </summary>
        </member>
        <member name="F:Citrix.DWM.Communication.ScheduledTask.TaskEnabled">
            <summary>
            Globally enables/disables the task from executing
            </summary>
        </member>
        <member name="F:Citrix.DWM.Communication.ScheduledTask.TaskOwner">
            <summary>
            Username of the person who created/owns the task
            </summary>
        </member>
        <member name="F:Citrix.DWM.Communication.ScheduledTask.LastTouchedBy">
            <summary>
            Username of the last person to change the task
            </summary>
        </member>
        <member name="F:Citrix.DWM.Communication.ScheduledTask.LastTouched">
            <summary>
            Timestamp of the last time the task was changed
            </summary>
        </member>
        <member name="F:Citrix.DWM.Communication.ScheduledTask.LastRunResult">
            <summary>
            Result of last run (0 = failure, 1 = Success)
            </summary>
        </member>
        <member name="F:Citrix.DWM.Communication.ScheduledTask.Trigger">
            <summary>
            Object describing the trigger for the Task
            </summary>
        </member>
        <member name="T:Citrix.DWM.Communication.ScheduledTaskTrigger">
            <summary>
            Describes the time-based properties used for determining when
            the task will be executed
            </summary>
        </member>
        <member name="F:Citrix.DWM.Communication.ScheduledTaskTrigger.Id">
            <summary>
            Internally assigned id of the trigger
            </summary>
        </member>
        <member name="F:Citrix.DWM.Communication.ScheduledTaskTrigger.TriggerType">
            <summary>
            Enumeration describing the type of trigger
            </summary>
        </member>
        <member name="F:Citrix.DWM.Communication.ScheduledTaskTrigger.Action">
            <summary>
            Object describing the action to be performed when trigger executes
            </summary>
        </member>
        <member name="F:Citrix.DWM.Communication.ScheduledTaskTrigger.DaysOfWeek">
            <summary>
            Flags enumeration describing the days on which the trigger will execute
            </summary>
        </member>
        <member name="F:Citrix.DWM.Communication.ScheduledTaskTrigger.ExecuteTimeOfDay">
            <summary>
            Time of day at which the trigger should execute
            </summary>
        </member>
        <member name="F:Citrix.DWM.Communication.ScheduledTaskTrigger.LastRun">
            <summary>
            Last time the task was executed with this trigger
            </summary>
        </member>
        <member name="F:Citrix.DWM.Communication.ScheduledTaskTrigger.EnableDate">
            <summary>
            Optional date on which the trigger will be enabled.  Null means the trigger
            is enabled immeadiately
            </summary>
        </member>
        <member name="F:Citrix.DWM.Communication.ScheduledTaskTrigger.DisableDate">
            <summary>
            optional date after which the trigger will be enabled.  Null means the
            trigger will always run on schedule.
            </summary>
        </member>
        <member name="T:Citrix.DWM.Communication.ScheduledTaskAction">
            <summary>
            Describes the action which will take place when the task is executed
            </summary>
        </member>
        <member name="F:Citrix.DWM.Communication.ScheduledTaskAction.Id">
            <summary>
            Internally assigned identifier for the action
            </summary>
        </member>
        <member name="F:Citrix.DWM.Communication.ScheduledTaskAction.Type">
            <summary>
            Internally assigned identifer of the action type
            </summary>
        </member>
        <member name="F:Citrix.DWM.Communication.ScheduledTaskAction.Name">
            <summary>
            Internally assigned friendly name of the action type
            </summary>
        </member>
        <member name="F:Citrix.DWM.Communication.ScheduledTaskAction.Description">
            <summary>
            Internally assigned verbose friendly description of the
            type of action to be performed, including any required
            and optional parameters
            </summary>
        </member>
        <member name="F:Citrix.DWM.Communication.ScheduledTaskAction.Parameters">
            <summary>
            A collection of Name/Value pairs detailing anf required
            and optional parameters used to perform the action
            </summary>
        </member>
        <member name="T:Citrix.DWM.Communication.ScheduledTaskActionType">
            <summary>
            Described the Type of action to be performed
            </summary>
        </member>
        <member name="F:Citrix.DWM.Communication.ScheduledTaskActionType.ActionTypeId">
            <summary>
            Internally assigned identifer of the action type
            </summary>
        </member>
        <member name="F:Citrix.DWM.Communication.ScheduledTaskActionType.ActionTypeName">
            <summary>
            Internally assigned friendly name of the action type
            </summary>
        </member>
        <member name="F:Citrix.DWM.Communication.ScheduledTaskActionType.ActionTypeDescription">
            <summary>
            Internally assigned verbose friendly description of the
            type of action to be performed, including any required
            and optional parameters
            </summary>
        </member>
        <member name="T:Citrix.DWM.Communication.GetSchedTaskRequest">
            <summary>
            The arguments to retrieve scheduled tasks for a pool
            </summary>
        </member>
        <member name="F:Citrix.DWM.Communication.GetSchedTaskRequest.TaskId">
            <summary>
            Internal Id if the task
            </summary>
        </member>
        <member name="F:Citrix.DWM.Communication.GetSchedTaskRequest.TaskActionType">
            <summary>
            Type of the task
            </summary>
        </member>
        <member name="T:Citrix.DWM.Communication.GetSchedTaskResponse">
            <summary>
            The arguments to retrieve scheduled tasks for a pool
            </summary>
        </member>
        <member name="F:Citrix.DWM.Communication.GetSchedTaskResponse.Tasks">
            <summary>
            Dictionary containing scheduled tasks for the pool.
            </summary>
        </member>
        <member name="T:Citrix.DWM.Communication.SetSchedTaskRequest">
            <summary>
            The arguments to save a scheduled tasks for a pool
            </summary>
        </member>
        <member name="F:Citrix.DWM.Communication.SetSchedTaskRequest.Tasks">
            <summary>
            Dictionary containing scheduled tasks to add or update.
            </summary>
        </member>
        <member name="T:Citrix.DWM.Communication.SetSchedTaskResponse">
            <summary>
            The arguments to save a scheduled tasks for a pool
            </summary>
        </member>
        <member name="T:Citrix.DWM.Communication.DeleteSchedTaskRequest">
            <summary>
            The arguments to delete a scheduled task
            </summary>
        </member>
        <member name="T:Citrix.DWM.Communication.DeleteSchedTaskResponse">
            <summary>
            the arguments to delete a scheduled task
            </summary>
        </member>
        <member name="T:Citrix.DWM.Communication.GetSchedTaskActionTypeRequest">
            <summary>
            The arguments to retrieve available action types
            </summary>
        </member>
        <member name="T:Citrix.DWM.Communication.GetSchedTaskActionTypeResponse">
            <summary>
            The arguments to retrieve available action types
            </summary>
        </member>
        <member name="F:Citrix.DWM.Communication.GetSchedTaskActionTypeResponse.ActionTypes">
            <summary>
            Dictionary containing scheduled tasks for the pool.
            </summary>
        </member>
        <member name="T:Citrix.DWM.Communication.IScheduledTask">
            <summary>
            Public interface defining Scheduled Tasks
            </summary>
        </member>
        <member name="M:Citrix.DWM.Communication.IScheduledTask.GetScheduledTask(Citrix.DWM.Communication.GetSchedTaskRequest)">
            <summary>
            Retrieve the list of scheduled tasks for a pool
            </summary>
            <param name="request">GetSchedTaskRequest describing the pool
            for which the list of scheduled tasks is desired.</param>
            <returns>GetSchedTaskResponse instance containing a result code
            and the list of scheduled tasks for the pool</returns>
        </member>
        <member name="M:Citrix.DWM.Communication.IScheduledTask.SetScheduledTask(Citrix.DWM.Communication.SetSchedTaskRequest)">
            <summary>
            Add or updated scheduled tasks for a pool.
            </summary>
            <param name="request">SetSchedTaskRequest instance describing the
            pool and the task to add or update.</param>
            <returns>The result of adding or updating scheduled tasks for a
            pool.</returns>
        </member>
        <member name="M:Citrix.DWM.Communication.IScheduledTask.DeleteScheduledTask(Citrix.DWM.Communication.DeleteSchedTaskRequest)">
            <summary>
            Delete scheduled tasks
            </summary>
            <param name="request">DeleteSchedTaskRequest instance describing the
            pool and the task to delete.</param>
            <returns>The result of deleting scheduled tasks for a
            pool.</returns>
        </member>
        <member name="M:Citrix.DWM.Communication.IScheduledTask.GetScheduledTaskActionTypes(Citrix.DWM.Communication.GetSchedTaskActionTypeRequest)">
            <summary>
            Retrieve the list of available action types.
            </summary>
            <returns>The list of available action types
            </returns>
        </member>
        <member name="T:Citrix.DWM.Communication.WorkloadBalanceBase">
            <summary>
            Base class for the workload balancer data contract.  Simply implements
            the IExtensibleDataObject interface.
            </summary>
        </member>
        <member name="P:Citrix.DWM.Communication.WorkloadBalanceBase.ExtensionData">
            <summary>
            Get or set the extension data.
            </summary>
        </member>
        <member name="T:Citrix.DWM.Communication.WorkloadBalanceResult">
            <summary>
            Result from a workload balancer request.
            </summary>
        </member>
        <member name="F:Citrix.DWM.Communication.WorkloadBalanceResult.ErrorMessage">
            <summary>
            Any error message that resulted from the workload balancer request.
            </summary>
        </member>
        <member name="P:Citrix.DWM.Communication.WorkloadBalanceResult.ResultCode">
            <summary>
            The result of the workload balancer request.
            </summary>
        </member>
        <member name="T:Citrix.DWM.Communication.XenServerRequest">
            <summary>
            The arguments to add, update or delete XenServer hypervisor pool that
            is monitored by Kirkwood.
            </summary>
        </member>
        <member name="F:Citrix.DWM.Communication.XenServerRequest.XenServerUrl">
            <summary>
            The URL to reach the XenServer pool.  The URL must define the
            protocol host and port.
            </summary>
        </member>
        <member name="F:Citrix.DWM.Communication.XenServerRequest.Protocol">
            <summary>
            The protocol used to reach the XenServer pool master.
            </summary>
        </member>
        <member name="F:Citrix.DWM.Communication.XenServerRequest.HostName">
            <summary>
            The DNS name, NetBIOS name or TCP/IP address of the computer that
            is the master of the pool.
            </summary>
        </member>
        <member name="F:Citrix.DWM.Communication.XenServerRequest.Port">
            <summary>
            The TCP/IP port on which the pool master listens for requests.
            </summary>
        </member>
        <member name="F:Citrix.DWM.Communication.XenServerRequest.UserName">
            <summary>
            The user name used to connect to the pool.
            </summary>
        </member>
        <member name="F:Citrix.DWM.Communication.XenServerRequest.Password">
            <summary>
            The password used to connect to the pool.
            </summary>
        </member>
        <member name="F:Citrix.DWM.Communication.XenServerRequest.PoolId">
            <summary>
            The internal, database ID of the pool to configure.
            </summary>
        </member>
        <member name="F:Citrix.DWM.Communication.XenServerRequest.PoolUuid">
            <summary>
            The unique identifier of the pool to configure.
            </summary>
        </member>
        <member name="F:Citrix.DWM.Communication.XenServerRequest.PoolName">
            <summary>
            The friendly name of the pool to configure.
            </summary>
        </member>
        <member name="T:Citrix.DWM.Communication.XenServerResponse">
            <summary>
            The response data return from a request to add a XenServer pool.
            </summary>
        </member>
        <member name="F:Citrix.DWM.Communication.XenServerResponse.Id">
            <summary>
            The internal, database ID of the XenServer pool that was added.
            </summary>
        </member>
        <member name="T:Citrix.DWM.Communication.SetConfigurationRequest">
            <summary>
            The arguments to configure the Kirkwood optimization parameters of a pool.
            </summary>
        </member>
        <member name="F:Citrix.DWM.Communication.SetConfigurationRequest.PoolId">
            <summary>
            The internal, database ID of the pool to configure.
            </summary>
        </member>
        <member name="F:Citrix.DWM.Communication.SetConfigurationRequest.PoolUuid">
            <summary>
            The unique identifier of the pool to configure.
            </summary>
        </member>
        <member name="F:Citrix.DWM.Communication.SetConfigurationRequest.PoolName">
            <summary>
            The friendly name of the pool to configure.
            </summary>
        </member>
        <member name="F:Citrix.DWM.Communication.SetConfigurationRequest.OptimizationParms">
            <summary>
            The optimization parameters for the pool.
            </summary>
        </member>
        <member name="T:Citrix.DWM.Communication.SetConfigurationResponse">
            <summary>
            The response data return from a request to configure the Kirkwood
            optimization parameters of a pool.
            </summary>
        </member>
        <member name="T:Citrix.DWM.Communication.GetConfigurationRequest">
            <summary>
            The arguments to retrieve the Kirkwood optimization parameters of
            a pool.
            </summary>
        </member>
        <member name="F:Citrix.DWM.Communication.GetConfigurationRequest.PoolId">
            <summary>
            The internal, database ID of the pool whose configuation is to
            be retrieved.
            </summary>
        </member>
        <member name="F:Citrix.DWM.Communication.GetConfigurationRequest.PoolUuid">
            <summary>
            The unique identifier of the pool whose configuation is to
            be retrieved.
            </summary>
        </member>
        <member name="F:Citrix.DWM.Communication.GetConfigurationRequest.PoolName">
            <summary>
            The friendly name of the pool whose configuation is to
            be retrieved.
            </summary>
        </member>
        <member name="T:Citrix.DWM.Communication.GetConfigurationResponse">
            <summary>
            The response data return from a request to retrieve the Kirkwood
            optimization parameters of a pool.
            </summary>
        </member>
        <member name="F:Citrix.DWM.Communication.GetConfigurationResponse.OptimizationParms">
            <summary>
            The optimization parameters for the pool.
            </summary>
        </member>
        <member name="T:Citrix.DWM.Communication.GetHostConfigRequest">
            <summary>
            The arguments to retrieve the WLB configuration for a physical host
            </summary>
        </member>
        <member name="F:Citrix.DWM.Communication.GetHostConfigRequest.HostId">
            <summary>
            The internal, database ID of the host whose configuation is to
            be retrieved.
            </summary>
        </member>
        <member name="F:Citrix.DWM.Communication.GetHostConfigRequest.HostUuid">
            <summary>
            The unique identifier of the host whose configuation is to
            be retrieved.
            </summary>
        </member>
        <member name="F:Citrix.DWM.Communication.GetHostConfigRequest.HostName">
            <summary>
            The friendly name of the host whose configuation is to
            be retrieved.
            </summary>
        </member>
        <member name="T:Citrix.DWM.Communication.GetHostConfigResponse">
            <summary>
            The response data return from a request to retrieve the Kirkwood
            optimization parameters of a pool.
            </summary>
        </member>
        <member name="F:Citrix.DWM.Communication.GetHostConfigResponse.Config">
            <summary>
            The WLB configuration parameters for the host.
            </summary>
        </member>
        <member name="T:Citrix.DWM.Communication.SetHostConfigRequest">
            <summary>
            The arguments to configure the WLB parameters for a physical host.
            </summary>
        </member>
        <member name="F:Citrix.DWM.Communication.SetHostConfigRequest.Config">
            <summary>
            The WLB configuration for the host.
            </summary>
        </member>
        <member name="T:Citrix.DWM.Communication.SetHostConfigResponse">
            <summary>
            The response data return from a request to configure the WLB
            parameters for a physical host.
            </summary>
        </member>
        <member name="T:Citrix.DWM.Communication.VMZeroScoreReason">
            <summary>
            Describes why a host was awarded zero or a VM cannot boot on a host
            when making VM placement recommendations.
            </summary>
        </member>
        <member name="F:Citrix.DWM.Communication.VMZeroScoreReason.None">
            <summary>
            The host did not receive a score of zero.
            </summary>
        </member>
        <member name="F:Citrix.DWM.Communication.VMZeroScoreReason.Cpu">
            <summary>
            A host a getting a score of zero because adding the VM would
            move the host's CPU utilization into the critical range.
            </summary>
        </member>
        <member name="F:Citrix.DWM.Communication.VMZeroScoreReason.Memory">
            <summary>
            A host a getting a score of zero because adding the VM would
            move the host's free memory into the critical range.
            </summary>
        </member>
        <member name="F:Citrix.DWM.Communication.VMZeroScoreReason.Disk">
            <summary>
            A host a getting a score of zero because adding the VM would
            move the host's disk utilization into the critical range.
            </summary>
        </member>
        <member name="F:Citrix.DWM.Communication.VMZeroScoreReason.Network">
            <summary>
            A host a getting a score of zero because adding the VM would
            move the host's network utilization into the critical range.
            </summary>
        </member>
        <member name="F:Citrix.DWM.Communication.VMZeroScoreReason.DiskRead">
            <summary>
            A host a getting a score of zero because adding the VM would
            move the host's disk read utilization into the critical range.
            </summary>
        </member>
        <member name="F:Citrix.DWM.Communication.VMZeroScoreReason.DiskWrite">
            <summary>
            A host a getting a score of zero because adding the VM would
            move the host's disk write utilization into the critical range.
            </summary>
        </member>
        <member name="F:Citrix.DWM.Communication.VMZeroScoreReason.NetworkRead">
            <summary>
            A host a getting a score of zero because adding the VM would
            move the host's network read utilization into the critical range.
            </summary>
        </member>
        <member name="F:Citrix.DWM.Communication.VMZeroScoreReason.NetworkWrite">
            <summary>
            A host a getting a score of zero because adding the VM would
            move the host's network write utilization into the critical range.
            </summary>
        </member>
        <member name="F:Citrix.DWM.Communication.VMZeroScoreReason.LoadAverage">
            <summary>
            A host a getting a score of zero because adding the VM would
            move the host's load average into the critical range.
            </summary>
        </member>
        <member name="F:Citrix.DWM.Communication.VMZeroScoreReason.CpuOvercommit">
            <summary>
            A host a getting a score of zero because adding the VM would
            force the host to overcommit CPUs
            </summary>
        </member>
        <member name="F:Citrix.DWM.Communication.VMZeroScoreReason.NotEnoughCpus">
            <summary>
            A host a getting a score of zero because it does not have enough
            physical CPUs to support the VM.
            </summary>
        </member>
        <member name="F:Citrix.DWM.Communication.VMZeroScoreReason.HostExcluded">
            <summary>
            The host was manually excluded vis Host Exclusion configuration
            </summary>
        </member>
        <member name="F:Citrix.DWM.Communication.VMZeroScoreReason.RunstateFullContention">
            <summary>
            A host getting a score of zero because an existing VM is exceeding
            the runstate_full_contention high threshold
            </summary>
        </member>
        <member name="F:Citrix.DWM.Communication.VMZeroScoreReason.RunstateConcurrencyHazard">
            <summary>
            A host getting a score of zero because an existing VM is exceeding
            the runstate_concurrency_hazard.high threshold
            </summary>
        </member>
        <member name="F:Citrix.DWM.Communication.VMZeroScoreReason.RunstatePartialContention">
            <summary>
            A host getting a score of zero because an existing VM is exceeding
            the runstate_partial_contention.high threshold
            </summary>
        </member>
        <member name="F:Citrix.DWM.Communication.VMZeroScoreReason.Unknown">
            <summary>
            The Xen hypervisor returned an unknown error when checking to see if VM
            can boot on host.
            </summary>
        </member>
        <member name="F:Citrix.DWM.Communication.VMZeroScoreReason.HandleInvalid">
            <summary>
            The Xen hypervisor returned invalid handle when checking to see if VM
            can boot on host.
            </summary>
        </member>
        <member name="F:Citrix.DWM.Communication.VMZeroScoreReason.NoHAPlan">
            <summary>
            The Xen hypervisor returned no high availability plan when checking to
            see if VM can boot on host.
            </summary>
        </member>
        <member name="F:Citrix.DWM.Communication.VMZeroScoreReason.HAOperationWouldBreakPlan">
            <summary>
            The Xen hypervisor returned would break HA fail over plan when checking to
            see if VM can boot on host.
            </summary>
        </member>
        <member name="F:Citrix.DWM.Communication.VMZeroScoreReason.HostOffline">
            <summary>
            The Xen hypervisor returned host off-line when checking to
            see if VM can boot on host.
            </summary>
        </member>
        <member name="F:Citrix.DWM.Communication.VMZeroScoreReason.HostStillBooting">
            <summary>
            The Xen hypervisor returned host still booting when checking to
            see if VM can boot on host.
            </summary>
        </member>
        <member name="F:Citrix.DWM.Communication.VMZeroScoreReason.InternalError">
            <summary>
            The Xen hypervisor returned internal error when checking to
            see if VM can boot on host.
            </summary>
        </member>
        <member name="F:Citrix.DWM.Communication.VMZeroScoreReason.NoHostAvailable">
            <summary>
            The Xen hypervisor returned no host available when checking to
            see if VM can boot on host.
            </summary>
        </member>
        <member name="F:Citrix.DWM.Communication.VMZeroScoreReason.AuthenticationFailure">
            <summary>
            The Xen hypervisor returned authentication failure when checking to
            see if VM can boot on host.
            </summary>
        </member>
        <member name="F:Citrix.DWM.Communication.VMZeroScoreReason.InvalidSession">
            <summary>
            The Xen hypervisor returned invalid session when checking to
            see if VM can boot on host.
            </summary>
        </member>
        <member name="F:Citrix.DWM.Communication.VMZeroScoreReason.SrHasNoPbds">
            <summary>
            The Xen hypervisor returned SR has no PDBs when checking to
            see if VM can boot on host.
            </summary>
        </member>
        <member name="F:Citrix.DWM.Communication.VMZeroScoreReason.VmBadPowerState">
            <summary>
            The Xen hypervisor returned bad VM power state plan when checking to
            see if VM can boot on host.
            </summary>
        </member>
        <member name="F:Citrix.DWM.Communication.VMZeroScoreReason.VmRequiresSr">
            <summary>
            The host does not have the required storage repository to boot
            the VM.
            </summary>
        </member>
        <member name="F:Citrix.DWM.Communication.VMZeroScoreReason.VmRequiresNetwork">
            <summary>
            The host does not have the required netword to boot
            the VM.
            </summary>
        </member>
        <member name="F:Citrix.DWM.Communication.VMZeroScoreReason.VmMissingDrivers">
            <summary>
            The Xen hypervisor returned VM missing drivers when checking to
            see if VM can boot on host.
            </summary>
        </member>
        <member name="F:Citrix.DWM.Communication.VMZeroScoreReason.HostNotEnoughFreeMemory">
            <summary>
            The host does not have the enough free memory to boot
            the VM.
            </summary>
        </member>
        <member name="F:Citrix.DWM.Communication.VMZeroScoreReason.BackendFailure72">
            <summary>
            The Xen hypervisor returned SR backeng failure 72 when checking to
            see if VM can boot on host.
            </summary>
        </member>
        <member name="F:Citrix.DWM.Communication.VMZeroScoreReason.BackendFailure140">
            <summary>
            The Xen hypervisor returned SR backeng failure 140 when checking to
            see if VM can boot on host.
            </summary>
        </member>
        <member name="F:Citrix.DWM.Communication.VMZeroScoreReason.BackendFailure222">
            <summary>
            The Xen hypervisor returned SR backeng failure 222 when checking to
            see if VM can boot on host.
            </summary>
        </member>
        <member name="F:Citrix.DWM.Communication.VMZeroScoreReason.BackendFailure225">
            <summary>
            The Xen hypervisor returned SR backeng failure 225 when checking to
            see if VM can boot on host.
            </summary>
        </member>
        <member name="F:Citrix.DWM.Communication.VMZeroScoreReason.SocketException">
            <summary>
            A socket exception was encountered when checking to
            see if VM can boot on host.
            </summary>
        </member>
        <member name="F:Citrix.DWM.Communication.VMZeroScoreReason.WebException">
            <summary>
            A web exception was encountered when checking to
            see if VM can boot on host.
            </summary>
        </member>
        <member name="F:Citrix.DWM.Communication.VMZeroScoreReason.GeneralException">
            <summary>
            A generic exception was encountered when checking to
            see if VM can boot on host.
            </summary>
        </member>
        <member name="F:Citrix.DWM.Communication.VMZeroScoreReason.HostDoesNotExist">
            <summary>
            Host uuid is not in the database
            </summary>
        </member>
        <member name="F:Citrix.DWM.Communication.VMZeroScoreReason.NoMetrics">
            <summary>
            There are no current metrics in the database required to make
            a recommendation.
            </summary>
        </member>
        <member name="F:Citrix.DWM.Communication.VMZeroScoreReason.NotLicensed">
            <summary>
            The pool does not have a paid for license.
            </summary>
        </member>
        <member name="T:Citrix.DWM.Communication.VmPlacementRecommendation">
            <summary>
            Describes a recommendation for where to run a virtual machine.
            </summary>
        </member>
        <member name="F:Citrix.DWM.Communication.VmPlacementRecommendation.RecommendationId">
            <summary>
            The internal ID of a move recommendation that is associated
            with the host.  It is related to audit records.
            </summary>
        </member>
        <member name="F:Citrix.DWM.Communication.VmPlacementRecommendation.HostId">
            <summary>
            The internal, database ID of the physical computer that has been
            recommmended as a host for a virtual machine.
            </summary>
        </member>
        <member name="F:Citrix.DWM.Communication.VmPlacementRecommendation.HostName">
            <summary>
            The name of the physical computer that has been recommmended as a
            host for a virtual machine.
            </summary>
        </member>
        <member name="F:Citrix.DWM.Communication.VmPlacementRecommendation.HostUuid">
            <summary>
            The unique identifier of the physical computer that has been
            recommmended as a host for a virtual machine.
            </summary>
        </member>
        <member name="F:Citrix.DWM.Communication.VmPlacementRecommendation.Score">
            <summary>
            The placement score given to the physical host represented by this
            instance.  The higher the score the better.
            </summary>
        </member>
        <member name="F:Citrix.DWM.Communication.VmPlacementRecommendation.Stars">
            <summary>
            The number of stars (out of 5) given to the physical host represented
            by this instance.
            </summary>
        </member>
        <member name="F:Citrix.DWM.Communication.VmPlacementRecommendation.CanBootVM">
            <summary>
            Flag to indicate if the hypervisor believes the VM can boot on
            the host even if Kirkwood recommends that it does not.
            </summary>
        </member>
        <member name="F:Citrix.DWM.Communication.VmPlacementRecommendation.ZeroScoreReason">
            <summary>
            If a host received a score of 0 or CanBootVM is false, this member
            contains the reason.
            </summary>
        </member>
        <member name="T:Citrix.DWM.Communication.VMRecommendationsResponse">
            <summary>
            The response data returned from a request to find the hosts on which
            a VM can run.
            </summary>
        </member>
        <member name="F:Citrix.DWM.Communication.VMRecommendationsResponse.Recommendations">
            <summary>
            The list of physical hosts on which a VM can run.
            </summary>
        </member>
        <member name="T:Citrix.DWM.Communication.VMRecommendationsRequest">
            <summary>
            Parameters to request virtual machine placement recommendations.
            </summary>
        </member>
        <member name="F:Citrix.DWM.Communication.VMRecommendationsRequest.VmID">
            <summary>
            The internal, database ID of the virtual machine for which a
            placement recommendation is desired.
            </summary>
        </member>
        <member name="F:Citrix.DWM.Communication.VMRecommendationsRequest.VmName">
            <summary>
            The name of the virtual machine for which a placement
            recommendation is desired.
            </summary>
        </member>
        <member name="F:Citrix.DWM.Communication.VMRecommendationsRequest.VmUuid">
            <summary>
            The unique identifier of the virtual machine for which a placement
            recommendation is desired.
            </summary>
        </member>
        <member name="F:Citrix.DWM.Communication.VMRecommendationsRequest.PoolId">
            <summary>
            The internal, database ID of the pool to which the virtual machine
            for which a placement recommendation is desired belongs.
            </summary>
        </member>
        <member name="F:Citrix.DWM.Communication.VMRecommendationsRequest.PoolUuid">
            <summary>
            The unique identifier of the pool to which the the virtual machine
            for which a placement recommendation is desired belongs.
            </summary>
        </member>
        <member name="F:Citrix.DWM.Communication.VMRecommendationsRequest.PoolName">
            <summary>
            The name of the pool to which the the virtual machine
            for which a placement recommendation is desired belongs.
            </summary>
        </member>
        <member name="T:Citrix.DWM.Communication.HostRecommendationsRequest">
            <summary>
            Parameters to request virtual machine placement recommendations
            when moving all VMs off of a host.
            </summary>
        </member>
        <member name="F:Citrix.DWM.Communication.HostRecommendationsRequest.HostId">
            <summary>
            The internal, database ID of the host whose VMs need placement
            recommendations.
            </summary>
        </member>
        <member name="F:Citrix.DWM.Communication.HostRecommendationsRequest.HostName">
            <summary>
            The name of the host whose VMs need placement recommendations.
            </summary>
        </member>
        <member name="F:Citrix.DWM.Communication.HostRecommendationsRequest.HostUuid">
            <summary>
            The unique identifier of the host whose VMs need placement
            recommendations.
            </summary>
        </member>
        <member name="F:Citrix.DWM.Communication.HostRecommendationsRequest.PoolId">
            <summary>
            The internal, database ID of the pool to which the host whose
            VMs need placement recommendations belongs.
            </summary>
        </member>
        <member name="F:Citrix.DWM.Communication.HostRecommendationsRequest.PoolUuid">
            <summary>
            The unique identifier of the pool to which the host whose
            VMs need placement recommendations belongs.
            </summary>
        </member>
        <member name="F:Citrix.DWM.Communication.HostRecommendationsRequest.PoolName">
            <summary>
            The name of the pool to which the host whose
            VMs need placement recommendations belongs.
            </summary>
        </member>
        <member name="T:Citrix.DWM.Communication.HostRecommendationsResponse">
            <summary>
            Information returned from a request for virtual machine placement
            recommendations when moving all VMs off of a host.
            </summary>
        </member>
        <member name="F:Citrix.DWM.Communication.HostRecommendationsResponse.Recommendations">
            <summary>
            The list of recommendation for where each virtual machine
            that is to be migrated off of a host should run.
            </summary>
        </member>
        <member name="F:Citrix.DWM.Communication.HostRecommendationsResponse.CanPlaceAllVMs">
            <summary>
            Flag to indicate if all VMs can be migrated off the source host.
            </summary>
        </member>
        <member name="T:Citrix.DWM.Communication.HostEvacuationRecommendation">
            <summary>
            Describes a recommendation for where to migrate a virtual machine
            when moving all VM off of a host.
            </summary>
        </member>
        <member name="F:Citrix.DWM.Communication.HostEvacuationRecommendation.RecommendationId">
            <summary>
            The internal ID of a move recommendation that is associated
            with the host.  It is related to audit records.
            </summary>
        </member>
        <member name="F:Citrix.DWM.Communication.HostEvacuationRecommendation.VmId">
            <summary>
            The internal, database ID of the virtual machine.
            </summary>
        </member>
        <member name="F:Citrix.DWM.Communication.HostEvacuationRecommendation.VmName">
            <summary>
            The name of the virtual machine.
            </summary>
        </member>
        <member name="F:Citrix.DWM.Communication.HostEvacuationRecommendation.VmUuid">
            <summary>
            The unique identifier of the virtual machine.
            </summary>
        </member>
        <member name="F:Citrix.DWM.Communication.HostEvacuationRecommendation.HostId">
            <summary>
            The internal, database ID of the host from which the VM should be
            moved.
            </summary>
        </member>
        <member name="F:Citrix.DWM.Communication.HostEvacuationRecommendation.HostUuid">
            <summary>
            The unique identifier of the host from which the VM should be
            moved.
            </summary>
        </member>
        <member name="F:Citrix.DWM.Communication.HostEvacuationRecommendation.HostName">
            <summary>
            The name of the host from which the VM should be moved.
            </summary>
        </member>
        <member name="T:Citrix.DWM.Communication.PoolOptimizationRequest">
            <summary>
            Parameters to request hypervisor pool recommendations.
            </summary>
        </member>
        <member name="F:Citrix.DWM.Communication.PoolOptimizationRequest.PoolID">
            <summary>
            The internal, database ID of the hypervisor pool for which
            optimization recommendations are desired.
            </summary>
        </member>
        <member name="F:Citrix.DWM.Communication.PoolOptimizationRequest.PoolUuid">
            <summary>
            The unique identifier of the hypervisor pool for which
            optimization recommendations are desired.
            </summary>
        </member>
        <member name="T:Citrix.DWM.Communication.PoolOptimizationReason">
            <summary>
            The reason for a VM move recommendation that is part of a hypervisor
            pool optimization.
            </summary>
        </member>
        <member name="F:Citrix.DWM.Communication.PoolOptimizationReason.None">
            <summary>
            There is not reason for the move.
            </summary>
        </member>
        <member name="F:Citrix.DWM.Communication.PoolOptimizationReason.Cpu">
            <summary>
            The move is attempting to releave CPU pressure.
            </summary>
        </member>
        <member name="F:Citrix.DWM.Communication.PoolOptimizationReason.Memory">
            <summary>
            The move is attempting to releave memory pressure.
            </summary>
        </member>
        <member name="F:Citrix.DWM.Communication.PoolOptimizationReason.Disk">
            <summary>
            The move is attempting to releave disk IO pressure.
            </summary>
        </member>
        <member name="F:Citrix.DWM.Communication.PoolOptimizationReason.Network">
            <summary>
            The move is attempting to releave network IO pressure.
            </summary>
        </member>
        <member name="F:Citrix.DWM.Communication.PoolOptimizationReason.Consolidate">
            <summary>
            The move is attempting to considate VMs on a smaller number of
            physical hosts.
            </summary>
        </member>
        <member name="F:Citrix.DWM.Communication.PoolOptimizationReason.DiskRead">
            <summary>
            The move is attempting to releave disk read pressure.
            </summary>
        </member>
        <member name="F:Citrix.DWM.Communication.PoolOptimizationReason.DiskWrite">
            <summary>
            The move is attempting to releave disk write pressure.
            </summary>
        </member>
        <member name="F:Citrix.DWM.Communication.PoolOptimizationReason.NetworkRead">
            <summary>
            The move is attempting to releave network read pressure.
            </summary>
        </member>
        <member name="F:Citrix.DWM.Communication.PoolOptimizationReason.NetworkWrite">
            <summary>
            The move is attempting to releave network write pressure.
            </summary>
        </member>
        <member name="F:Citrix.DWM.Communication.PoolOptimizationReason.LoadAverage">
            <summary>
            The move is attempting to releave internal pressure on the hypervisor.
            </summary>
        </member>
        <member name="F:Citrix.DWM.Communication.PoolOptimizationReason.PowerOn">
            <summary>
            The host should be powered-on because the pool needs more resources.
            </summary>
        </member>
        <member name="F:Citrix.DWM.Communication.PoolOptimizationReason.PowerOff">
            <summary>
            The host should be powered-off because the pool has excess capacity.
            </summary>
        </member>
        <member name="F:Citrix.DWM.Communication.PoolOptimizationReason.Runstate">
            <summary>
            The move is attempt to relieve CPU pressure.
            </summary>
        </member>
        <member name="T:Citrix.DWM.Communication.PoolOptimizationSeverity">
            <summary>
            Describes the level at which a pool is out of optimization and how
            much performance improvement should be seen by applying a set of
            optimization recommendations.
            </summary>
        </member>
        <member name="F:Citrix.DWM.Communication.PoolOptimizationSeverity.None">
            <summary>
            No severity.
            </summary>
        </member>
        <member name="F:Citrix.DWM.Communication.PoolOptimizationSeverity.Low">
            <summary>
            Low severity.  For example, optimization mode is max density and
            a VM could be moved but a host could not be powered off.
            </summary>
        </member>
        <member name="F:Citrix.DWM.Communication.PoolOptimizationSeverity.Medium">
            <summary>
            Medium severity.  For example, optimization mode is max density,
            a VM could be moved and a host could be powered off.
            </summary>
        </member>
        <member name="F:Citrix.DWM.Communication.PoolOptimizationSeverity.High">
            <summary>
            High severity.  For example, optimization mode is max performance
            and a host has exceeded a high limit.
            </summary>
        </member>
        <member name="F:Citrix.DWM.Communication.PoolOptimizationSeverity.Critical">
            <summary>
            Critical severity.  For example, optimization mode is max performance
            and a host has exceeded a critical limit.
            </summary>
        </member>
        <member name="T:Citrix.DWM.Communication.PoolOptimizationRecommendation">
            <summary>
            Describes a recommendation for improving the performance of a
            hypervisor pool.
            </summary>
        </member>
        <member name="F:Citrix.DWM.Communication.PoolOptimizationRecommendation.PoolId">
            <summary>
            The internal, database ID of the hypervisor pool to which
            the VM and hosts of the move recommendation belong.
            </summary>
        </member>
        <member name="F:Citrix.DWM.Communication.PoolOptimizationRecommendation.VmToMoveId">
            <summary>
            The internal, database ID of the virtual machine that should be
            moved.
            </summary>
        </member>
        <member name="F:Citrix.DWM.Communication.PoolOptimizationRecommendation.VmToMoveUuid">
            <summary>
            The unique identifier of the virtual machine that should be
            moved.
            </summary>
        </member>
        <member name="F:Citrix.DWM.Communication.PoolOptimizationRecommendation.VmToMoveName">
            <summary>
            The name of the virtual machine that should be moved.
            </summary>
        </member>
        <member name="F:Citrix.DWM.Communication.PoolOptimizationRecommendation.MoveToHostId">
            <summary>
            The internal, database ID of the host to which the VM should be
            moved.
            </summary>
        </member>
        <member name="F:Citrix.DWM.Communication.PoolOptimizationRecommendation.MoveToHostUuid">
            <summary>
            The unique identifier of the host to which the VM should be
            moved.
            </summary>
        </member>
        <member name="F:Citrix.DWM.Communication.PoolOptimizationRecommendation.MoveToHostName">
            <summary>
            The name of the host to which the VM should be moved.
            </summary>
        </member>
        <member name="F:Citrix.DWM.Communication.PoolOptimizationRecommendation.MoveFromHostId">
            <summary>
            The internal, database ID of the host from which the VM should be
            moved.
            </summary>
        </member>
        <member name="F:Citrix.DWM.Communication.PoolOptimizationRecommendation.MoveFromHostUuid">
            <summary>
            The unique identifier of the host from which the VM should be
            moved.
            </summary>
        </member>
        <member name="F:Citrix.DWM.Communication.PoolOptimizationRecommendation.MoveFromHostName">
            <summary>
            The name of the host from which the VM should be moved.
            </summary>
        </member>
        <member name="F:Citrix.DWM.Communication.PoolOptimizationRecommendation.Reason">
            <summary>
            The reason for a VM move recommendation.
            </summary>
        </member>
        <member name="F:Citrix.DWM.Communication.PoolOptimizationRecommendation.TimeStamp">
            <summary>
            The UTC date and time of the move recommedation.
            </summary>
        </member>
        <member name="F:Citrix.DWM.Communication.PoolOptimizationRecommendation.RecommendationId">
            <summary>
            The ID assigned by the system to the move recommendation.
            </summary>
        </member>
        <member name="T:Citrix.DWM.Communication.PoolOptimizationResponse">
            <summary>
            Information returned from a request for work load optimization for
            a hypervisor pool.
            </summary>
        </member>
        <member name="F:Citrix.DWM.Communication.PoolOptimizationResponse.OptimizationId">
            <summary>
            The internal, database ID of the set of optimization recommendations
            for the pool.
            </summary>
        </member>
        <member name="F:Citrix.DWM.Communication.PoolOptimizationResponse.Severity">
            <summary>
            Describes the level at which a pool is out of optimization.
            </summary>
        </member>
        <member name="F:Citrix.DWM.Communication.PoolOptimizationResponse.Recommendations">
            <summary>
            List of VM migrations that should be applied in order to optimize
            pool performance.
            </summary>
        </member>
        <member name="T:Citrix.DWM.Communication.ReportParameter">
            <summary>
            Describes a parameter that can be passed to the SQL used to generate a
            Kirkwood report.
            </summary>
        </member>
        <member name="F:Citrix.DWM.Communication.ReportParameter.ParameterName">
            <summary>
            Name of the parameter.
            </summary>
        </member>
        <member name="F:Citrix.DWM.Communication.ReportParameter.ParameterValue">
            <summary>
            Value of the parameter.
            </summary>
        </member>
        <member name="T:Citrix.DWM.Communication.ReportRequest">
            <summary>
            Data required to run a query against the Kirkwood database.
            </summary>
        </member>
        <member name="F:Citrix.DWM.Communication.ReportRequest.ReportId">
            <summary>
            The interna ID of the Kirkwood report to generate.
            </summary>
        </member>
        <member name="F:Citrix.DWM.Communication.ReportRequest.ReportName">
            <summary>
            The internal name of the Kirkwood report to generate.
            </summary>
        </member>
        <member name="F:Citrix.DWM.Communication.ReportRequest.ReportParms">
            <summary>
            The list of parameters for the report.
            </summary>
        </member>
        <member name="T:Citrix.DWM.Communication.ReportResponse">
            <summary>
            Information returned from a request to run a query against the
            Kirkwood database.
            </summary>
        </member>
        <member name="F:Citrix.DWM.Communication.ReportResponse.XmlDataSet">
            <summary>
            The XML representation of a DataSet that is the result of the
            query.
            </summary>
        </member>
        <member name="T:Citrix.DWM.Communication.DiagnosticRequest">
            <summary>
            Data required to request WLB diagnostic information..
            </summary>
        </member>
        <member name="T:Citrix.DWM.Communication.DiagnosticResponse">
            <summary>
            Information returned from a request to retrieve WLB diagnostic
            informaation.
            </summary>
        </member>
        <member name="F:Citrix.DWM.Communication.DiagnosticResponse.DiagnosticData">
            <summary>
            The XML representation of a DataSet that is the result of the
            query.
            </summary>
        </member>
        <member name="T:Citrix.DWM.Communication.IWorkloadBalance">
            <summary>
            Interface that consolidates the configuration and analysis interfaces
            of Kirkwood.
            </summary>
        </member>
        <member name="M:Citrix.DWM.Communication.IWorkloadBalance.AddXenServer(Citrix.DWM.Communication.XenServerRequest)">
            <summary>
            Add a XenServer hypervisor pool to the system in order to monitor
            performance.
            </summary>
            <param name="request">XenServerRequest instance describing the
            connection information for the pool.</param>
            <returns>The result of adding the XenServer pool.</returns>
            <remarks>This method can also be used to update and connection
            information for a XenServer pool that was previously added.
            </remarks>
        </member>
        <member name="M:Citrix.DWM.Communication.IWorkloadBalance.RemoveXenServer(Citrix.DWM.Communication.XenServerRequest)">
            <summary>
            Remove a XenServer hypervisor pool from the system.
            </summary>
            <param name="request">XenServerRequest instance describing the
            pool to remove.</param>
            <returns>The result of removing the XenServer pool.</returns>
            <remarks>This method remove both the pool and the pool's metrics
            from the system.</remarks>
        </member>
        <member name="M:Citrix.DWM.Communication.IWorkloadBalance.SetXenPoolConfiguration(Citrix.DWM.Communication.SetConfigurationRequest)">
            <summary>
            Configure the Kirkwood optimization parameters of a pool.
            </summary>
            <param name="request">SetConfigurationRequest instance containing
            the WLB optimization parameters and a description of the pool to
            which they are to be applied.</param>
            <returns>The result of setting the WLB optimization parameters.
            </returns>
        </member>
        <member name="M:Citrix.DWM.Communication.IWorkloadBalance.GetXenPoolConfiguration(Citrix.DWM.Communication.GetConfigurationRequest)">
            <summary>
            Retrieve the Kirkwood optimization parameters of a pool.
            </summary>
            <param name="request">GetConfigurationRequest describing the pool
            whose Kirkwood optimization parameters are to be retrieved.</param>
            <returns>GetConfigurationResponse containing the result code and
            optimization parameters.</returns>
        </member>
        <member name="M:Citrix.DWM.Communication.IWorkloadBalance.VMGetRecommendations(Citrix.DWM.Communication.VMRecommendationsRequest)">
            <summary>
            Retrieve the list of physical host on which the specified virtual
            machine can run.
            </summary>
            <param name="request">VMGetRecommendationsRequest instance that
            describes the VM for which host recommendations are desired.</param>
            <returns>Possible hosts and their star ratings.</returns>
        </member>
        <member name="M:Citrix.DWM.Communication.IWorkloadBalance.HostGetRecommendations(Citrix.DWM.Communication.HostRecommendationsRequest)">
            <summary>
            Find new physical hosts for all the VMs that are currently running
            on the specified physical host.
            </summary>
            <param name="request">HostGetRecommendationsResponse instance that
            describes the host for which VM relocation recommendations are
            desired.</param>
            <returns>Recommended hosts for each VM running on the specified
            host.</returns>
        </member>
        <member name="M:Citrix.DWM.Communication.IWorkloadBalance.GetOptimizationRecommendations(Citrix.DWM.Communication.PoolOptimizationRequest)">
            <summary>
            Retrieve the list of workload optimizations (VM move recommendations),
            for the specified pool.
            </summary>
            <param name="request">PoolOptimizationRequest instance that
            describes the pool for which workload optimizations are desired.
            </param>
            <returns>
            PoolOptimizationResponse instances describing the workload
            optimizations (VM moved recommendations), for the pool.
            </returns>
        </member>
        <member name="M:Citrix.DWM.Communication.IWorkloadBalance.ExecuteReport(Citrix.DWM.Communication.ReportRequest)">
            <summary>
            Run a report against the Kirkwood database.
            </summary>
            <param name="request">ReportRequest instance describing the report to
            generate.</param>
            <returns>Result of the query.</returns>
        </member>
        <member name="M:Citrix.DWM.Communication.IWorkloadBalance.GetDiagnostics(Citrix.DWM.Communication.DiagnosticRequest)">
            <summary>
            Retrieve WLB diagnostic information
            </summary>
            <param name="request">DiagnosticResponse instance.  (not used)</param>
            <returns>DiagnosticRequest instance containing the diagnostic
            information.</returns>
        </member>
        <member name="M:Citrix.DWM.Communication.IWorkloadBalance.GetHostConfiguration(Citrix.DWM.Communication.GetHostConfigRequest)">
            <summary>
            Retrieve the WLB configuration for a physical host.
            </summary>
            <param name="request">GetHostConfigRequest instance describing the
            host, and the pool to which it belongs, for which configuation
            data is to be retrieved.</param>
            <returns>GetHostConfigResponse containing the result code and WLB
            configuration for the host.</returns>
        </member>
        <member name="M:Citrix.DWM.Communication.IWorkloadBalance.SetHostConfiguration(Citrix.DWM.Communication.SetHostConfigRequest)">
            <summary>
            Set the WLB configuration for a physical host.
            </summary>
            <param name="request">SetHostConfigRequest instance identifying
            the host and describing the WLB configuration data.</param>
            <returns>The result of setting the WLB configuation data for
            the host.</returns>
        </member>
        <member name="T:Citrix.DWM.Communication.WorkloadBalance">
            <summary>
            Implementation of the Kirkwood workload balancer interface.
            </summary>
        </member>
        <member name="M:Citrix.DWM.Communication.WorkloadBalance.#ctor">
            <summary>
            Initialize a new instance of the WorkloadBalance class.
            </summary>
            <remarks>The ctor will retrieve the configuration data used by
            the WorkloadBalance class.</remarks>
        </member>
        <member name="F:Citrix.DWM.Communication.WorkloadBalance.authenticateTests">
            <summary>
            Set this variable from unit tests to bypass authentication for tests
            </summary>
        </member>
        <member name="F:Citrix.DWM.Communication.WorkloadBalance.ScheduledTaskSpecialKey">
            <summary>
            If the SetConfigurationRequest.OptimizationParms dictionary
            contains this key, SetXenPoolConfiguration will treat the request
            as a SetScheduledTask request.
            </summary>
        </member>
        <member name="F:Citrix.DWM.Communication.WorkloadBalance.HostConfigurationSpecialKey">
            <summary>
            If the SetConfigurationRequest.OptimizationParms dictionary
            contains this key, SetXenPoolConfiguration will treat the request
            as a SetHostConfiguration request.
            </summary>
        </member>
        <member name="F:Citrix.DWM.Communication.WorkloadBalance.GetReportDefinitionsKey">
            <summary>
            If ExecuteReport is called and this key is passed as ReportName,
            the server will return an XML file containing definitions of all the
            WLB reports in the database.
            </summary>
        </member>
        <member name="M:Citrix.DWM.Communication.WorkloadBalance.ValidWLBAuthenticationToken">
            <summary>
            Inspects the incoming message properties for our custom token
            Todo - Add in hash to token to confirm it is us
            </summary>
        </member>
        <member name="M:Citrix.DWM.Communication.WorkloadBalance.LoadCache">
            <summary>
            Load the cache of VMs and Hosts for each pool.
            </summary>
            <remarks>The cache is maintained by ICollectorActions instances -
            one for each pool - and managed by the DwmPoolCollection class.
            The ICollectorActions interface maintains a thread that is heart
            beating the hypervisor pool master so we have to start and stop
            that thread.  LoadCache starts the thread.  UnloadCache stops the
            thread.
            The cache is maintain to speed up calls to
            DwmVirtualMachine.StartVmOnHost, DwmVirtualMachine.MigrationVM
            and ICollectorActions.CanStartVmOnHost.
            </remarks>
        </member>
        <member name="M:Citrix.DWM.Communication.WorkloadBalance.UnloadCache">
            <summary>
            Unload the cache of VMs and Hosts for each pool.
            </summary>
        </member>
        <member name="M:Citrix.DWM.Communication.WorkloadBalance.AddXenServer(Citrix.DWM.Communication.XenServerRequest)">
            <summary>
            Add a XenServer hypervisor pool to the system in order to monitor
            performance.
            </summary>
            <param name="request">XenServerRequest instance describing the
            connection information for the pool.</param>
            <returns>The result of adding the XenServer pool.</returns>
            <remarks>This method can also be used to update and connection
            information for a XenServer pool that was previously added.
            </remarks>
        </member>
        <member name="M:Citrix.DWM.Communication.WorkloadBalance.RemoveXenServer(Citrix.DWM.Communication.XenServerRequest)">
            <summary>
            Remove a XenServer hypervisor pool from the system.
            </summary>
            <param name="request">XenServerRequest instance describing the
            pool to remove.</param>
            <returns>The result of removing the XenServer pool.</returns>
            <remarks>This method remove both the pool and the pool's metrics
            from the system.</remarks>
        </member>
        <member name="M:Citrix.DWM.Communication.WorkloadBalance.InternalSetScheduledTask(Citrix.DWM.Communication.SetConfigurationRequest)">
            <summary>
            Add or updated scheduled tasks for a pool using data in a
            SetConfigurationRequest instance.
            </summary>
            <param name="request">SetConfigurationRequest instance containing the
            scheduled task information.</param>
            <returns>The result of setting the scheduled task parameters</returns>
        </member>
        <member name="M:Citrix.DWM.Communication.WorkloadBalance.InternalGetScheduledTask(Citrix.DWM.Communication.GetConfigurationRequest)">
            <summary>
            Retrieve the list of scheduled tasks for a pool using the data in
            a GetConfigurationRequest instance.
            </summary>
            <param name="request">GetConfigurationRequest instancing describing
            the pool for which the scheduled tasks are desired.</param>
            <returns>String, string dictionary containing values that describe
            the scheduled task for the pool</returns>
        </member>
        <member name="M:Citrix.DWM.Communication.WorkloadBalance.InternalSetHostConfiguration(Citrix.DWM.Communication.SetConfigurationRequest)">
            <summary>
            Add or update a WLB host configuration using data in a
            SetConfigurationRequest instance.
            </summary>
            <param name="request">SetConfigurationRequest instance containing the
            host configuration information.</param>
            <returns>The result of setting the host configuration parameters.
            </returns>
        </member>
        <member name="M:Citrix.DWM.Communication.WorkloadBalance.InternalGetHostConfiguration(Citrix.DWM.Communication.GetConfigurationRequest)">
            <summary>
            Retrieve the WLB configuration for all hosts in a pool using the
            data in a GetConfigurationRequest instance.
            </summary>
            <param name="request">GetConfigurationRequest instancing describing
            the pool for which the host configurations are desired.</param>
            <returns>String, string dictionary containing values that describe
            the host configurations.</returns>
        </member>
        <member name="M:Citrix.DWM.Communication.WorkloadBalance.SetXenPoolConfiguration(Citrix.DWM.Communication.SetConfigurationRequest)">
            <summary>
            Configure the Kirkwood optimization parameters of a pool.
            </summary>
            <param name="request">SetConfigurationRequest containing the
            Kirkwood optimization parameters and a description of the pool to
            which that are to be applied.</param>
            <returns>The result of setting the Kirkwood optimization
            parameters.</returns>
        </member>
        <member name="M:Citrix.DWM.Communication.WorkloadBalance.GetXenPoolConfiguration(Citrix.DWM.Communication.GetConfigurationRequest)">
            <summary>
            Retrieve the Kirkwood optimization parameters of a pool.
            </summary>
            <param name="request">GetConfigurationRequest describing the pool
            whose Kirkwood optimization parameters are to be retrieved.</param>
            <returns>GetConfigurationResponse containing the result code and
            optimization parameters.</returns>
        </member>
        <member name="M:Citrix.DWM.Communication.WorkloadBalance.GetHostConfiguration(Citrix.DWM.Communication.GetHostConfigRequest)">
            <summary>
            Retrieve the WLB configuration for a physical host.
            </summary>
            <param name="request">GetHostConfigRequest instance describing the
            host, and the pool to which it belongs, for which configuation
            data is to be retrieved.</param>
            <returns>GetHostConfigResponse containing the result code and WLB
            configuration for the host.</returns>
        </member>
        <member name="M:Citrix.DWM.Communication.WorkloadBalance.SetHostConfiguration(Citrix.DWM.Communication.SetHostConfigRequest)">
            <summary>
            Set the WLB configuration for a physical host.
            </summary>
            <param name="request">SetHostConfigRequest instance identifying
            the host and describing the WLB configuration data.</param>
            <returns>The result of setting the WLB configuation data for
            the host.</returns>
        </member>
        <member name="M:Citrix.DWM.Communication.WorkloadBalance.VMGetRecommendations(Citrix.DWM.Communication.VMRecommendationsRequest)">
            <summary>
            Retrieve the list of physical host on which the specified virtual
            machine can run.
            </summary>
            <param name="request">VMRecommendationsRequest instance that
            describes the VM for which host recommendations are desired.</param>
            <returns>Possible hosts and their star ratings.</returns>
        </member>
        <member name="M:Citrix.DWM.Communication.WorkloadBalance.HostGetRecommendations(Citrix.DWM.Communication.HostRecommendationsRequest)">
            <summary>
            Find new physical hosts for all the VMs that are currently running
            on the specified physical host.
            </summary>
            <param name="request">HostRecommendationsResponse instance that
            describes the host for which VM relocation recommendations are
            desired.</param>
            <returns>Recommended hosts for each VM running on the specified
            host.</returns>
        </member>
        <member name="M:Citrix.DWM.Communication.WorkloadBalance.GetOptimizationRecommendations(Citrix.DWM.Communication.PoolOptimizationRequest)">
            <summary>
            Retrieve the list of workload optimizations (VM move recommendations),
            for the specified pool.
            </summary>
            <param name="request">PoolOptimizationRequest instance that
            describes the pool for which workload optimizations are desired.
            </param>
            <returns>
            PoolOptimizationResponse instances describing the workload
            optimizations (VM moved recommendations), for the pool.
            </returns>
        </member>
        <member name="M:Citrix.DWM.Communication.WorkloadBalance.ExecuteReport(Citrix.DWM.Communication.ReportRequest)">
            <summary>
            Run a report against the Kirkwood database.
            </summary>
            <param name="request">ReportRequest instance describing the report to
            generate.</param>
            <returns>Result of the query.</returns>
        </member>
        <member name="M:Citrix.DWM.Communication.WorkloadBalance.BuildReportDefinitionXML(System.String,System.String,System.String)">
            <summary>
            Build an XML document describing the reports on the WLB server
            </summary>
            <returns>
            </returns>
        </member>
        <member name="M:Citrix.DWM.Communication.WorkloadBalance.GetDiagnostics(Citrix.DWM.Communication.DiagnosticRequest)">
            <summary>
            Retrieve WLB diagnostic information
            </summary>
            <param name="request">DiagnosticResponse instance.  (not used)</param>
            <returns>DiagnosticRequest instance containing the diagnostic
            information.  The diagnostic information consisting of file versions,
            database version, registry settings, configuration files and log files.
            </returns>
        </member>
        <member name="M:Citrix.DWM.Communication.WorkloadBalance.GetLastBytesFromFile(System.String,System.Int32)">
            <summary>
            Reads the file from the end for specified number of bytes and returns them as a string.
            </summary>
            <param name="filename">Filename to be read from.</param>
            <param name="bytes">Number of bytes to read.</param>
            <returns>Resulting string.</returns>
        </member>
        <member name="M:Citrix.DWM.Communication.WorkloadBalance.InternalGetDiagnostics">
            <summary>
            Retrieve diagnostic information.
            </summary>
            <returns>Diagnostic information consisting of file versions, database
            version, registry settings, configuration files and log files.</returns>
        </member>
        <member name="M:Citrix.DWM.Communication.WorkloadBalance.GetScheduledTask(Citrix.DWM.Communication.GetSchedTaskRequest)">
            <summary>
            Retrieve the list of scheduled tasks for a pool
            </summary>
            <param name="request">GetSchedTaskRequest describing the pool
            for which the list of scheduled tasks is desired.</param>
            <returns>GetSchedTaskResponse instance containing a result code
            and the list of scheduled tasks for the pool</returns>
        </member>
        <member name="M:Citrix.DWM.Communication.WorkloadBalance.SetScheduledTask(Citrix.DWM.Communication.SetSchedTaskRequest)">
            <summary>
            Add or updated scheduled tasks for a pool.
            </summary>
            <param name="request">SetSchedTaskRequest instance describing the
            pool and the task to add or update.</param>
            <returns>The result of adding or updating scheduled tasks for a
            pool.</returns>
        </member>
        <member name="M:Citrix.DWM.Communication.WorkloadBalance.DeleteScheduledTask(Citrix.DWM.Communication.DeleteSchedTaskRequest)">
            <summary>
            Delete scheduled tasks
            </summary>
            <param name="request">DeleteSchedTaskRequest instance describing the
            pool and the task to delete.</param>
            <returns>The result of deleting scheduled tasks for a
            pool.</returns>
        </member>
        <member name="M:Citrix.DWM.Communication.WorkloadBalance.GetScheduledTaskActionTypes(Citrix.DWM.Communication.GetSchedTaskActionTypeRequest)">
            <summary>
            Retrieve the list of available action types.
            </summary>
            <returns>The list of available action types
            </returns>
        </member>
        <member name="M:Citrix.DWM.Communication.WorkloadBalance.ParseDouble(System.String,System.Double,Citrix.DWM.Communication.WorkloadBalanceResult)">
            <summary>
            Parse a double value from the input string.
            </summary>
            <param name="stringValue">Input string to parse.</param>
            <param name="defaultValue">The default value to return if the
            string value is invalid.</param>
            <param name="result">If the input string is not a valid value the
            ResultCode property will be set to indicate an invalid value.</param>
            <returns>If stringValue is valid, the double representation of
            stringValue; else defaultValue.</returns>
        </member>
        <member name="M:Citrix.DWM.Communication.WorkloadBalance.GetDiscoveryStatusResult(System.Int32,System.String,System.String)">
            <summary>
            Checks to see if the discovery has completed for a pool and returns an error code if
            discovery hasn't completed.
            </summary>
            <param name="poolId">
            Id of the pool.
            </param>
            <param name="poolUuid">
            A <see cref="T:System.String" /> representing Uuid of the pool.
            </param>
            <param name="poolName">
            A <see cref="T:System.String" /> representing Name of the pool.
            </param>
            <returns>
            A <see cref="T:Citrix.DWM.Communication.WorkloadBalanceResult" /> object that contains error code and message indicating that discovery hasn't finished.
            If some error occurred or discovery has finished already, null is returned.
            </returns>
        </member>
        <member name="M:Citrix.DWM.Communication.WorkloadBalance.ParseInt(System.String,System.Int32,Citrix.DWM.Communication.WorkloadBalanceResult)">
            <summary>
            Parse an integer value from the input string.
            </summary>
            <param name="stringValue">Input string to parse.</param>
            <param name="defaultValue">The default value to return if the
            string value is invalid.</param>
            <param name="result">If the input string is not a valid value the
            ResultCode property will be set to indicate an invalid value.</param>
            <returns>If stringValue is valid, the integer representation of
            stringValue; else defaultValue.</returns>
        </member>
        <member name="M:Citrix.DWM.Communication.WorkloadBalance.GetExceptionErrorCode(System.Exception)">
            <summary>
            Extract the error code from a generic exception.
            </summary>
            <param name="e">The exception from which the error code will be
            extracted.</param>
            <returns>The error code of the exception of the exception type
            provides this support.  If the exception type does not support an
            error code, DwmErrorCode.GenericException is returned.</returns>
        </member>
        <member name="T:Citrix.DWM.Communication.CertRetriever">
            <summary>
            Class to asynchronously retrieve the SSL certs from each host with
            a hypervisor pool.
            </summary>
        </member>
        <member name="M:Citrix.DWM.Communication.CertRetriever.#ctor(Citrix.DWM.Domain.DwmPool)">
            <summary>
            Initialize a new instance of the CertRetriever class.
            </summary>
            <param name="pool">The pool containing the hosts whose SSL
            certificates will be retrieved.</param>
        </member>
        <member name="F:Citrix.DWM.Communication.CertRetriever._pool">
            <summary>
            The pool containing the hosts whose SSL certificates will
            be retrieved.
            </summary>
        </member>
        <member name="M:Citrix.DWM.Communication.CertRetriever.GetCerts">
            <summary>
            Retrieve the SSL certificates.
            </summary>
        </member>
        <member name="M:Citrix.DWM.Communication.CertRetriever.ThreadProc">
            <summary>
            Thread proc to do the actual cert retrieval.
            </summary>
        </member>
        <member name="T:Citrix.DWM.Communication.WorkloadBalanceHost">
            <summary>
            Class to host the WCF service interface to Kirkwood.
            </summary>
        </member>
        <member name="M:Citrix.DWM.Communication.WorkloadBalanceHost.#ctor">
            <summary>
            Initialize a new instance of the WorkloadBalanceHost class.
            </summary>
        </member>
        <member name="M:Citrix.DWM.Communication.WorkloadBalanceHost.#ctor(System.Int32)">
            <summary>
            Initialize a new instance of the WorkloadBalanceHost class.
            </summary>
            <param name="port">Port on which the instance will listen.</param>
        </member>
        <member name="F:Citrix.DWM.Communication.WorkloadBalanceHost.DefaultPort">
            <summary>
            The port on which the host will listen unless changed programmically
            of via the config file.
            </summary>
        </member>
        <member name="M:Citrix.DWM.Communication.WorkloadBalanceHost.BuildBasicHttpBinding(System.ServiceModel.BasicHttpSecurityMode)">
            <summary>
            Creates and applies various configuration settings to BasicHttpBinding
            </summary>
        </member>
        <member name="M:Citrix.DWM.Communication.WorkloadBalanceHost.Start">
            <summary>
            Start the service host instance that will listen for collection
            management messages.
            </summary>
        </member>
        <member name="M:Citrix.DWM.Communication.WorkloadBalanceHost.Start(System.Boolean)">
            <summary>
            Start the service host instance that will listen for collection
            management messages.
            </summary>
            <param name="bWait">Flag to indicate if this method should wait
            for the worker thread to start and the WCF service to begin
            listening.</param>
        </member>
        <member name="M:Citrix.DWM.Communication.WorkloadBalanceHost.Stop">
            <summary>
            Stop the service host instance that will listen for collection
            management messages.
            </summary>
        </member>
        <member name="M:Citrix.DWM.Communication.WorkloadBalanceHost.ThreadProc">
            <summary>
            Thread that hosts the WFC endpoint.
            </summary>
        </member>
        <member name="M:Citrix.DWM.Communication.WorkloadBalanceHost.Dispose">
            <summary>
            Release resources used by this instance.
            </summary>
        </member>
        <member name="M:Citrix.DWM.Communication.WorkloadBalanceHost.Dispose(System.Boolean)">
            <summary>
            Release resources used by this instance.
            </summary>
        </member>
        <member name="T:Citrix.DWM.Communication.MessageInspector">
            <summary>
            Provides implementation of IDispatchMessageInspector to handle various
            events before and after processing a request.
            </summary>
        </member>
        <member name="M:Citrix.DWM.Communication.MessageInspector.ApplyDispatchBehavior(System.ServiceModel.Description.ServiceEndpoint,System.ServiceModel.Dispatcher.EndpointDispatcher)">
            <summary>
            Add this message inspector to the list of inspectors, if it's not already there
            </summary>
            <param name="endpoint">
            </param>
            <param name="endpointDispatcher">
            </param>
        </member>
        <member name="M:Citrix.DWM.Communication.MessageInspector.AfterReceiveRequest(System.ServiceModel.Channels.Message@,System.ServiceModel.IClientChannel,System.ServiceModel.InstanceContext)">
            <summary>
            Intercepts all incoming WCF request Messages
            </summary>
            <param name="request">The incomming Message</param>
            <param name="channel">
            </param>
            <param name="instanceContext">
            </param>
            <returns>
            </returns>
        </member>
        <member name="M:Citrix.DWM.Communication.MessageInspector.BeforeSendReply(System.ServiceModel.Channels.Message@,System.Object)">
            <summary>
            Interecpt and process outgoing WCF response Messages
            </summary>
            <param name="reply">The outgoing message</param>
            <param name="correlationState">The state of the outgoing message</param>
        </member>
        <member name="M:Citrix.DWM.Communication.MessageInspector.RemoveDefaultResponseBodies(System.ServiceModel.Channels.Message)">
            <summary>
            Check the outgoing message and replace any content that will cause errors in XAPI.  This is basically
            here to make up for differences in the way Mono WCF data contracts are honored vs .NET
            </summary>
            <param name="outgoingMessage">The outgoing Message object from WCF</param>
            <returns>A Message object with modified body content</returns>
        </member>
        <member name="M:Citrix.DWM.Communication.MessageInspector.FixIncomingLineBreaks(System.ServiceModel.Channels.Message)">
            <summary>
            Removes line breaks fromn incoming Message bodies.  Mono has issues when trying to deserialize Generics
            when the XML contains line breaks.
            </summary>
            <param name="incomingMessage">The incoming Message object</param>
            <returns>
            </returns>
        </member>
        <member name="M:Citrix.DWM.Communication.MessageInspector.AuthenticateIncomingMessage">
            <summary>
            Extracts and validates the basic authentication credentials attached to the incomming Message.  If the
            authentication is successful, a new header is added to the Message
            </summary>
        </member>
        <member name="M:Citrix.DWM.Communication.MessageInspector.AddBindingParameters(System.ServiceModel.Description.ServiceEndpoint,System.ServiceModel.Channels.BindingParameterCollection)">
            <summary>
            No custom implementation
            </summary>
            <param name="endpoint">
            </param>
            <param name="bindingParameters">
            </param>
        </member>
        <member name="M:Citrix.DWM.Communication.MessageInspector.ApplyClientBehavior(System.ServiceModel.Description.ServiceEndpoint,System.ServiceModel.Dispatcher.ClientRuntime)">
            <summary>
            No custom implementation
            </summary>
            <param name="endpoint">
            </param>
            <param name="clientRuntime">
            </param>
        </member>
        <member name="M:Citrix.DWM.Communication.MessageInspector.Validate(System.ServiceModel.Description.ServiceEndpoint)">
            <summary>
            No custom implementation
            </summary>
            <param name="endpoint">
            </param>
        </member>
        <member name="T:Citrix.DWM.Communication.Authentication">
            <summary>
            Class to validate web service callers that call via the httpBasicBinding
            binding (HTTP basic authentication).
            </summary>
        </member>
        <member name="M:Citrix.DWM.Communication.Authentication.Validate(System.String,System.String)">
            <summary>
            Validate the specified user.
            </summary>
            <param name="username">Username of user to validate.</param>
            <param name="password">Password of user to validate.</param>
        </member>
        <member name="M:Citrix.DWM.Communication.Authentication.HashPassword(System.String,System.String)">
            <summary>
            Generate a one way hash with salt for storing and verifying the wlb password
            </summary>
            <param name="password">password to be hashed</param>
            <param name="salt">some salt to make the hash more secure</param>
            <returns>
            </returns>
        </member>
        <member name="M:Citrix.DWM.Communication.Authentication.Trace(System.String)">
            <summary>
            Writes the specified message to the log file if _traceEnabled is
            set to true.
            </summary>
            <param name="msg">The message to write.</param>
        </member>
        <member name="M:Citrix.DWM.Communication.Authentication.Trace(System.String,System.Object)">
            <summary>
            Writes the text representation of the specified object to the log
            file if _traceEnabled is set to true.
            </summary>
            <param name="fmt">The format string.</param>
            <param name="arg">Object to write using format.</param>
        </member>
    </members>
</doc>
